Lennon_kimaguLe,ヨルシカのグッズいいなぁ〜〜〜
すいさんデザインのTシャツ良さみが深くて素晴らしい出来栄えですわね💯,Thu Oct 10 00:13:15 JST 2019
sun_girl1021,ヨルシカのグッズ全部かわいい,Thu Oct 10 00:13:00 JST 2019
niremot0,絶対的に音楽の趣味が合う友達が2人ぐらいいて、ネットで会った人で遠くにいるんだけれど、たまに何聴いてんの？って連絡して教えてもらった曲絶対好きになるし、教えた曲は絶対好きになってもらえるの良き。今日はヨルシカを履修しています。,Thu Oct 10 00:12:45 JST 2019
myu__myu__810,雨とカプチーノ歌ってみました。

#歌ってみた
#歌い手さんMIX師さん絵師さん動画師さんとPさん繋がりたい
#nana民と繋がりたい
#nana民でいいねした人全員フォローする 
#雨とカプチーノ
#ヨルシカ 
#拡散希望 
#少しでもいいと思ったらRT 
#RTした人で気になった人お迎え https://t.co/1pQZmtaAVb,Thu Oct 10 00:12:03 JST 2019
mattaroooooo,@su_ttin JPOPも全然聴くよー
ヨルシカとか好き,Thu Oct 10 00:11:59 JST 2019
gsCBhi1x6z1VaOY,@ebisukamen358 ヨルシカ　　ただ君に晴れ,Thu Oct 10 00:11:34 JST 2019
______tasoooo,@ot_integral ヨルシカ様ああああ,Thu Oct 10 00:11:33 JST 2019
masatugu_99,ヨルシカ好きなんすね…俺もソーナノ,Thu Oct 10 00:10:57 JST 2019
HphgrwMegy,美波ずっとヨルシカでいいのにが
ずとよるって略されてて探すのに困った,Thu Oct 10 00:10:38 JST 2019
izumiya_1000,唯一惜しむべくは元カノもヨルシカ大好きなんですねえ(),Thu Oct 10 00:10:28 JST 2019
rinhaku021013,ずとまよ名古屋参戦して最高すぎたので垢作りました!!!
高2🚺です!!!
ヨルシカ、ずとまよ、美波さん、好きな人と繋がりたいです⸜❤︎⸝‍
反応もらって趣味が合いそうだなぁとかお話ししたいなって思う人フォローすると思います~
#ずとまよ好きと繋がりたい 
#ヨルシカ好きと繋がりたい https://t.co/q6asg8hwS7,Thu Oct 10 00:10:24 JST 2019
gomakichikundao,ピアノがきちい
ヨルシカのピアノ使用率が年々上がってきてる気がする,Thu Oct 10 00:10:19 JST 2019
kei_fm14,ヨルシカの歌詞は本当にいいなあ,Thu Oct 10 00:10:18 JST 2019
izumiya_1000,フラレてから聞けないラブソングが増えたけどヨルシカはええな。間違いなく物語であってそれでいて自分のものに思わせてくれる,Thu Oct 10 00:10:03 JST 2019
sak__n,ヨルシカしたいのでリードギターくれ,Thu Oct 10 00:09:42 JST 2019
reosuffocation,藍空、ヨルシカ、ねこ
これで　大丈夫,Thu Oct 10 00:09:23 JST 2019
sinosika_st,10月9日
バイト先の1番仲良い人に「俺バイト辞めるわ〜」って言ったら速攻「じゃ俺も辞める」って言ってくれた。嬉しかった。

ヨルシカのライブみんな凄い盛り上がってたからなんか乗り遅れちゃったけどグッズ販売は行く！1人は孤独だったけど誘ってくれた嬉しい。めちゃ楽しみ,Thu Oct 10 00:08:59 JST 2019
gomakichikundao,@_pino_s ヨルシカのベースのかっこよさは異常惚れた勢,Thu Oct 10 00:07:54 JST 2019
ott_ottEI2,@emiririsan ヨルシカってナブナさんの事だったの？最近ボカロ聴かなすぎて知らんかった…,Thu Oct 10 00:07:08 JST 2019
evoIvf,@_Y___320 
ヨルシカのチケとれた？,Thu Oct 10 00:06:22 JST 2019
komeno_otubu,@kmt_pochi 「人生最後の日を前に思うのだろう全部全部無駄じゃなかったて言うから」
ヨルシカ
言って。,Thu Oct 10 00:06:01 JST 2019
39SORAYA39,えっえっえっノリが、ノリがヨルシカ歌ってくださってやがるえっえっえっ待って待ってえっありがとうございます https://t.co/hWmFcdq2y3,Thu Oct 10 00:05:27 JST 2019
sena_4629,@Oo_come_oX でもヨルシカばっか歌ってるからたまには違うのも〜って感じなのよ…笑:( ;´꒳`;):
鬼滅の刃ハマってるから紅蓮華も歌いたい(˙◁˙)✨✨,Thu Oct 10 00:05:17 JST 2019
yozak13,@coorin28 最新情報じゃん！
ヨルシカちゃんと履修してなかったけど好きな気はしてた笑
古川さん好きなのかー！
神様のダンスよいね,Thu Oct 10 00:05:15 JST 2019
chipiyoko05,大好きな歌の背景を知ってほしい。
そうすれば、もっと世界が広がるから。

聞くだけでも、歌うだけでも、満足できるのは、大好きな大切なヨルシカとn-bunaさんの音楽。
生きる糧。
私も神様に近づいて、自分の道を進みたい。

愛が溢れる真夜中。,Thu Oct 10 00:05:14 JST 2019
im37SZuGZskDrIN,ヨルシカの物販楽しみだ！！
整番早く知りたい、、
物販混むだろうからめちゃくちゃ早く並びに行こかな、、😑
グッズ沢山買お！！(＾ν＾),Thu Oct 10 00:03:23 JST 2019
sena_4629,@Oo_come_oX あれま、、🙄🙄🙄
やっぱヨルシカかな？？？？(˙◁˙),Thu Oct 10 00:02:59 JST 2019
emiririsan,最近思った。
ナブナさん(ヨルシカ)って音楽とか言葉の歌詞が多い気がする。たまたま知ってる曲がかもしれないけど、、。,Thu Oct 10 00:02:40 JST 2019
N_____tonoO,@goarukeyootome 三年前のヨルシカのMVでs((((,Thu Oct 10 00:02:07 JST 2019
SONAR_MUSIC_813,🔊#ヨルシカ ライブレポーター募集

本日の当選者は・・・‼️
横浜市でお聴きの【やな】さん
おめでとうございま〜〜す🙌💫

ライブレポーター募集は明日もあり!

#jwave #sonar813 https://t.co/II2pUpgLoX,Thu Oct 10 00:01:09 JST 2019
goarukeyootome,@N_____tonoO え、ヨルシカのMV？w,Thu Oct 10 00:01:07 JST 2019
osayuyuyu,カプチーノは飲める

#雨とカプチーノ #ヨルシカ #拍手返します

雨とカプチーノ / ヨルシカ
#nanamusic
https://t.co/IjTSZKfdRr,Thu Oct 10 00:00:47 JST 2019
ckmy0212,ヨルシカやっぱええなぁ
好きな曲増えてきた,Thu Oct 10 00:00:43 JST 2019
araaare10,まぁずっと前から思ってたけどヨルシカってイキなことしてくれるよね、そういうとこすごい好き,Thu Oct 10 00:00:17 JST 2019
coorin28,@yozak13 スピッツ今日からだよ笑
インディーはたしかにねえ
とっかかりがほしいわ
ヨルシカはいいぞ
n-bunaが古川本舗好きなのがわかる,Wed Oct 09 23:59:39 JST 2019
dokodokoriko,ヨルシカ ライブ 月光 チケット
1,2連求めてます。もし余っていたりご都合が悪い方がいらっしゃいましたらリプまたはDMしていただきたいです...😢
切実に求めていますお気軽にお声かけいただけると幸いです
よろしくお願いいたします。
東京、大阪、愛知どちらでも構いません
#ヨルシカ 
 #月光,Wed Oct 09 23:58:42 JST 2019
mykw__mizu_,@sandomeha_nai 三月のパンタシア
恋はキライだ
青春なんていらないわ

妹子の声に絶対合うはずヨルシカさんとかコレサワさんに似てる歌って欲しい！🥰🥰🥰🥰🥰🥰😭,Wed Oct 09 23:58:37 JST 2019
Hachidori2_,ヨルシカのグッズ可愛い,Wed Oct 09 23:57:40 JST 2019
UK_amiami,ヨルシカのグッズめちゃくちゃかわいい............,Wed Oct 09 23:57:07 JST 2019
sltkrd_8,melt(with suis)/TK from 凛として時雨
この楽曲はヨルシカのボーカルsuisが参加した楽曲、TKの持ち前のハイトーンボイスに加えsuisの柔らかい歌声がマッチして聴きごたえのある楽曲となっている。,Wed Oct 09 23:56:59 JST 2019
MK_tale773,@Yurinon0203 ヨルシカのグッズが通販あるんですよもう最高すぎて感情が大爆発してる金がなくなる,Wed Oct 09 23:56:30 JST 2019
IZAKI8musicLovE,ほんとに、見れば見るほどヨルシカのグッズが欲しくなるし、ライブに行きたいって思う
ほんと、あの時からもっともっと勇気がもててたらなぁ…

今年は我慢しなきゃって思ってたけどなかなか諦めきれないよ
n-bunaさんもヨルシカも大好きだ,Wed Oct 09 23:56:01 JST 2019
reo32801463,途中までになっちゃったけど...リクエスト枠良かったあああ！！！
感情の込め方がすごい、大好き...🥺✨
💤くんのAbout meめちゃ好きなんだな。
ヨルシカ歌いはる人あんまいないから個人的にはすごい嬉しかった◡̈,Wed Oct 09 23:55:56 JST 2019
Fst0tniKo4xOsaR,@sou_0523 いやお主のヨルシカ状況わりと興味あるよ!,Wed Oct 09 23:55:44 JST 2019
SAYA_SPACEY,最近アコースティックでヨルシカの｢だから僕は音楽を辞めた｣を演奏したんだけど、のあちゃんのインスタライブ覗いたらヨルシカが流れてたので今度エレキで弾いてみた動画撮ってみようかな( ᐢ. ̫ .ᐢ )✨✨✨

写真はだいぶ昔だけどマイアコギと一緒に撮ってもらった写真(^.^) https://t.co/jzw1940JrT,Wed Oct 09 23:55:09 JST 2019
conan627,@NrFjz14E6No0ZrW 大阪ですか！！！！！
もうヨルシカのライブが楽しみで楽しみで夜も眠れません！！！！！,Wed Oct 09 23:55:04 JST 2019
Ryohei_GINPI,嗚呼、やっぱり顧問とヨルシカに似てるな,Wed Oct 09 23:54:58 JST 2019
panisyaZzz,@gomimakura やっぱヨルシカ,Wed Oct 09 23:54:42 JST 2019
rad_acor06,ヨルシカはまりそうだな,Wed Oct 09 23:54:01 JST 2019
HaRu40732563,ヨルシカ
通販あるってさ！,Wed Oct 09 23:53:55 JST 2019
fugiovox0,夜は平沢進、昼はヨルシカ聴いてるの情緒どうなってんだ,Wed Oct 09 23:53:38 JST 2019
pefectbbblue,ヨルシカのライブ行きたいよ〜
チケット〜😂,Wed Oct 09 23:53:08 JST 2019
awmk__66,別界隈でのアカウントにまでヨルシカのグッズのツイート回ってきた！
すごいすごい、,Wed Oct 09 23:53:03 JST 2019
gomimakura,@pkmn0426 ヨルシカいいよねわかる,Wed Oct 09 23:52:25 JST 2019
xlll_moon,まじヨルシカのライブいきたかった、、、、、、、萎えた、、、、
グッズ良すぎてゲロ、、、、,Wed Oct 09 23:52:20 JST 2019
kamome_oishii,ヨルシカ良い〜！,Wed Oct 09 23:51:55 JST 2019
tenohira_2525,出勤前の朝にヨルシカの「湖の街」「神様のダンス」「雨晴るる」聴いたら、すごく気持ち落ち着いた。「雨晴るる」の後の「歩く」でスイッチがオンになったかのように急に激しくなるので、その流れも好き。,Wed Oct 09 23:51:25 JST 2019
yorusika22,音量ちゅうい！

なんか、本気でヘタクソなくせに、第2弾を載せたくなったので、後悔しながら載せます。(じゃあ載せるな感満載。)

#ヨルシカ #エルマ #ノーチラス 
#ヨルシカ好きと繋がりたい 
#歌ってみた #既に恥ずかしい
#練習しますたくさん…。 https://t.co/0ckVoLJaPL,Wed Oct 09 23:51:20 JST 2019
pnao_v,クレアさんへ

さいきんヨルシカをききはじめたのでクレアさんにもおすすめしたいです

わたしより,Wed Oct 09 23:51:01 JST 2019
tarotaro_2d,拡散、譲渡希望

ヨルシカ
LIVE TOUR2019「月光」
10/17 TSUTAYA O-EASTのチケットを1枚探しております。
新参ですがよろしくお願いします。

#拡散希望 
#ヨルシカ,Wed Oct 09 23:50:59 JST 2019
maro_maro319,音楽はしてるといいね。（ヨルシカ風） 

 https://t.co/IxEoYKmkNQ,Wed Oct 09 23:50:36 JST 2019
yozak13,@coorin28 スピッツ知らなかったそうなんだ！Apple Music入ってみたら楽しすぎて一生抜け出せん… 永遠に辿れる… けど私は逆にインディー系のアンテナ低くなっとるなー　とりあえずヨルシカから聴こうかな,Wed Oct 09 23:50:35 JST 2019
junx0425,ヨルシカの、心に穴が空いた
が好き。

ずっと聴いてる。,Wed Oct 09 23:50:21 JST 2019
hidecurry,そして何故か手元にヤバTとヨルシカのCDがある。
新しいの聞かないと、感性が枯れる気がするので、ちょいちょいまた色々な音楽聞いていきたいところ。,Wed Oct 09 23:50:12 JST 2019
reosuffocation,@ttaa_nn それいいですね☺️
そのドライバーさんが、
ヨルシカの2人なら
もう素敵過ぎるサプライズか、
モニタリングですね笑,Wed Oct 09 23:49:57 JST 2019
y19531200,言って (ヨルシカ)／ダズビー x hinakata COVER https://t.co/ieEd0aNUjr @YouTubeより,Wed Oct 09 23:49:40 JST 2019
LoReatsu,원곡도 좋지만 이런식으로 연주되는것도 특유의 감성이 있어서 좋아 
【Minecraft】音ブロックで「だから僕は音楽を辞めた- ヨルシカ」 https://t.co/La47FZn6ir @YouTube 님이 공유,Wed Oct 09 23:49:30 JST 2019
osakana_pota,@uttantan373 ヨルシカ行くの？？,Wed Oct 09 23:49:24 JST 2019
p___mom,ヨルシカ、、、グッズのセンスが良すぎてひくぞ、、、、,Wed Oct 09 23:49:16 JST 2019
Hattori_Spo_TD,@Nabe18prfm ヨルシカ『だから僕は音楽をやめた』,Wed Oct 09 23:48:50 JST 2019
aomushi0981,ヨルシカのグッズ可愛すぎて全部買う勢いすぎてやばい。,Wed Oct 09 23:48:35 JST 2019
Rei001001,地元テレビ局でヨルシカさん流れた,Wed Oct 09 23:48:33 JST 2019
Yoru__gohan,@02_yoru_ ヨルシカの物販行く？,Wed Oct 09 23:48:32 JST 2019
reosuffocation,月光ライブ2019 ヨルシカ

ライブビューイング
とか、
明日突然決まりませんか？

#月光　#ヨルシカ
#ライブビューイング,Wed Oct 09 23:47:59 JST 2019
mimizukutoketer,バックドロップシンデレラ
アルカラ
ニガミ17才
八十八ヶ所巡礼
indigo la End
DADARAY
オメでたい頭でなにより
東京ゲゲゲイ
ジェニーハイ
ヨルシカ
嘘とカメレオン

が好きです
他に何かいいバンドがあったら教えてください,Wed Oct 09 23:47:29 JST 2019
clouds_96_hima,@ot_integral お疲れ様です
ヨルシカはギターかっこいいですよね！すごく好きです🤤,Wed Oct 09 23:47:01 JST 2019
Noootk__,meltやった時ヨルシカに怒られるんじゃないかってヒヤヒヤしました。ちなみに普通に号泣しました。,Wed Oct 09 23:46:33 JST 2019
fune_yoneminn8,ヨルシカのグッズ通販してくれるのほんと有難い,Wed Oct 09 23:46:24 JST 2019
yrqy_3,@orange02102 とととととししたか？？
遊んだ時にさりげなくヨルシカ聴かせるとか笑
友達にめっちゃゴリ押ししてるで笑,Wed Oct 09 23:46:04 JST 2019
FantasyPianist,틀린 거야, 모르는 거야, 당신들 인간도
진실도, 사랑도, 세계도, 괴로움도, 인생도 
아무래도 좋아
올바른지 알고 싶다는 건 방어 본능이야
생각해 봤어, 너 때문이야
ㅣ だから僕は音楽を辞めた - ヨルシカ,Wed Oct 09 23:45:42 JST 2019
ichigo_ore0308,@o0_shiitake_0o 言われている方の描いているヨルシカのイラスト、今全て拝見しましたが、私もどれに似ていると言っているのかちっともわかりませんでした
私はＬさんの絵に価値があると思って（って言ったらなんだか上からみたいで申し訳ないですが💦）フォローしているので、寂しいこと言わないでください😭,Wed Oct 09 23:45:32 JST 2019
R__yO10,バス乗ってから、ずっーーとヨルシカ聴いてる☺️
早く、歌えるように&ドラムで叩けるようになりたい🙌,Wed Oct 09 23:45:30 JST 2019
fanta_spl,@integral_ll ありぴよー（；＿；）
またヨルシカ聞かせてね！笑,Wed Oct 09 23:44:39 JST 2019
Atsu0906Atsushi,ヨルシカのライブのグッズめっちゃかわいい欲しい🙃,Wed Oct 09 23:44:11 JST 2019
katugen_umai,昔はユーミンって言っててもよかった
今言うとジェネレーションギャップ
だから今はヨルシカって言ってい…

続きは質問箱へ 

 https://t.co/CsYvk46cf0,Wed Oct 09 23:44:09 JST 2019
yrqy_3,@orange02102 確かに、ヨルシカ好きじゃなかったら難しいね,Wed Oct 09 23:43:18 JST 2019
R__yO10,ヨルシカのロングＴシャツ欲しいなー～ーーー(切実に🥺,Wed Oct 09 23:42:44 JST 2019
difk_02,ヨルシカと須田景凪しか聴いてない,Wed Oct 09 23:42:32 JST 2019
Singeki1207L,ヨルシカのパレード 

 https://t.co/2rpCH8TMKF,Wed Oct 09 23:42:24 JST 2019
SABAMISO727,ヨルシカのグッズ全部買えたとしたら2万越すんだよなあ
今月家賃もやばいけどぜっっっっったいに欲しいんだよな
夜勤しかない....????,Wed Oct 09 23:42:05 JST 2019
yozak13,@coorin28 15歳！すごいなーーー！ヨルシカみたいな構造タッグなのね
perfumeサブスク解禁なって心のスポーツずっと聴いてる…無限未来いいよね！去年初めてライブに行ったけどめっちゃめちゃ可愛かった…,Wed Oct 09 23:41:10 JST 2019
sora_yuna0622,ヨルシカのグッズめちゃかわ,Wed Oct 09 23:41:10 JST 2019
konty_olf,明日はhazamaの即売会あるし、来週はヨルシカの通販あるし、月末はずとまよの物販あるしでお金が足りません,Wed Oct 09 23:40:52 JST 2019
Eridanus4,@magentaojisan 冷静に聴いたらとっても素敵でびっくりしてる ヨルシカ全然知らないけどいつ頃から活動してるの？,Wed Oct 09 23:40:27 JST 2019
lovi321,【ヨルシカ】唐突に雨とカプチーノ歌ってみた【物述有栖】 https://t.co/D35wnDyG03 @YouTubeさんから,Wed Oct 09 23:40:21 JST 2019
Fj38666841Fj,ヨルシカ全然聴いてないけど
このロンＴ可愛ええな普通に欲しいw,Wed Oct 09 23:40:08 JST 2019
nago3739,ヨルシカのグッズかわいいやんん,Wed Oct 09 23:39:32 JST 2019
darts_ked,ヨルシカって良いよねって定期。,Wed Oct 09 23:38:56 JST 2019
picachuuuuuu_go,そぴのすけさんがやっていたので..私も歌うの大好き🎶
米津さんの
リビングデットユース
アンビリーバーズ
ORION
ピースサイン
凛として時雨の
unravel
あと..
変わらないもの
君の知らない物語
...なんだっけ
あ!ヨルシカの
ただ君に晴れ
を最近よく歌います😆
米津さん好きな人いたら嬉しい...,Wed Oct 09 23:38:37 JST 2019
X_x_setuna_x_X,ずっと真夜中でいいのに。
ヨルシカ
米津玄師
ですかね… 

 https://t.co/mp4vt4cdWh,Wed Oct 09 23:37:58 JST 2019
kmcn_lemon,@conan_yoru 本当に可愛すぎます😳パジャマにしたら毎日ヨルシカに浸れますね…☺️,Wed Oct 09 23:37:30 JST 2019
dayama_shika,麦わらの。

#あいみょん
#マリーゴールド
#歌ってみた
#歌い手
#カラオケ
#YouTube
#歌い手さんMIX師さん絵師さん動画師さんPさんと繋がりたい 
#邦ロック
#フォローミー 
#らぶりつください
#少しでもいいなと思ったらいいね 
#ヨルシカ
#ボカロ
#裏アカ女子 

👇🏻フル👇🏻
https://t.co/jZGRRDlNnz https://t.co/tyu9cBda71,Wed Oct 09 23:37:29 JST 2019
1227Amane,言って。 ＋5 / ヨルシカ
by 吹雪 天
#nanamusic https://t.co/r2A4ZRqGcB

歌いました！
お時間ありましたらぜひ！,Wed Oct 09 23:36:31 JST 2019
yrqy_3,グッズ見ながらヨルシカの曲聞いてたら「あーライブ当てた人はこの曲も生で聴けるかもなんよなあ」ってなる特にノーチラスの時あーーーめっちゃヘコむライブ行きたかったほんまに見られへんの？？,Wed Oct 09 23:36:15 JST 2019
chocobar148cm,明日のヨルシカのライブ行けなくて泣いてるけど通販でグッズを売ってくれるので散財することにしためっちゃ買う、通販してくれるのは神ムーブすぎる,Wed Oct 09 23:36:02 JST 2019
Eridanus4,ヨルシカめっちゃ良くないか？,Wed Oct 09 23:34:53 JST 2019
kaguya2953,できればヨルシカ以外でいきたいね,Wed Oct 09 23:34:28 JST 2019
kda_lol0015,Gosu ヨルシカっぽい曲聞いとるｗ,Wed Oct 09 23:33:51 JST 2019
naganegi_3331,アクスタ欲しいけど私はヨルシカのグッズがあるからね〜
今回パース,Wed Oct 09 23:32:46 JST 2019
gunchan305,相方がくすぐってきて蹴り飛ばしそう。
ヨルシカさん歌ってるわ。
拍手を口でいうの笑
カラオケ行きたいらしい。
くそ。ジーパン履くんじゃなかったぜ,Wed Oct 09 23:32:09 JST 2019
una_yu_,やばいヨルシカさんの通販のグッズが尊すぎて泣いてる。絶対すぐ売り切れるからお母さんに頼んどく🥴本当に好きなのn-bunaさんsuisさん！,Wed Oct 09 23:31:28 JST 2019
shichi7go5san3,椎名もたさんとヨルシカは私の中で永遠だけど新曲が出るかでないかの差は大きすぎてもたさんの遺作を再生する手が止まらないな,Wed Oct 09 23:30:59 JST 2019
PM_higure,@x888natsu888x どうせ死ぬんだから（ヨルシカ並感）でとりあえず生きておきます('◇')ゞ,Wed Oct 09 23:30:36 JST 2019
fumiya21107951,家族と話してて、暇だしみんなでなんかのファンクラブ入ろうってなってSEKAINOOWARIと髭ダンとヨルシカに我入ろうと思ったのにヨルシカのファンクラブなくてびっくりしてる,Wed Oct 09 23:30:31 JST 2019
hachiiiii_rice,ああHYPE外れてヨルシカのライブ行けないとなったらもう私だめだそもそもヨルシカは儒教と供給のバランス狂ってるんだーーーリセールの結果怖いようわぁぁん,Wed Oct 09 23:30:05 JST 2019
shichi7go5san3,ヨルシカは全曲いい曲だけどそのなかでも負け犬にアンコールはいらない と だから僕は音楽をやめた は名アルバム中の名アルバムだと思う,Wed Oct 09 23:29:45 JST 2019
Akam1g,@yozora_hs_ab my first story 、あとはちょっとしか聴いてないけどヨルシカ,Wed Oct 09 23:28:58 JST 2019
yonezu0520,ヨルシカ最高……グッズ欲しい……,Wed Oct 09 23:28:08 JST 2019
flow26rn_sky,#NowPlaying

melt(with suis from ヨルシカ) / TK from  凛として時雨,Wed Oct 09 23:27:52 JST 2019
Nkosuke3,一年以上教えてる仲良い生徒がヨルシカ好きって言ってて衝撃の一致,Wed Oct 09 23:27:34 JST 2019
parsya29,ヨルシカさんの曲っていいよね,Wed Oct 09 23:27:26 JST 2019
TAISA_YATOKAMI,ヨルシカさんとずっと真夜中だったらいいのにさんと美波さんの曲はすごい切ない曲ばかりで好きだなぁ,Wed Oct 09 23:27:16 JST 2019
ragijannu_love,あらためてヨルシカがかなり有名なんだって思いましたなんかさみしい,Wed Oct 09 23:27:13 JST 2019
ponzu_idv,@ToyotaKq ヨルシカ最高,Wed Oct 09 23:26:44 JST 2019
bkEOK5V5C14SsN9,昼過ぎ制御修理で故障元の原因がわからず、詰まっていたけど、ヨルシカの車窓を聴きながら大学内の川辺を散歩して少し楽になった、音楽と自然に感謝 https://t.co/WcTO8aU9kq,Wed Oct 09 23:26:41 JST 2019
falilv_3_tre_n,ここ最近はもっぱら、ずっと真夜中でいいのに。とヨルシカ,Wed Oct 09 23:26:21 JST 2019
Marimo_RRReol,ヨルシカさんのグッズ絶対買う,Wed Oct 09 23:25:31 JST 2019
Goose_aiyu_7,嵐さんの公式YouTubeチャンネルの誕生とヨルシカのライブグッズ発表により、バイト終わりに情報過多で頭抱えてる幸せすぎるなんだこれ,Wed Oct 09 23:25:11 JST 2019
ynhnmi,ヨルシカの言っての英語ver練習してるんだけどむずい,Wed Oct 09 23:24:55 JST 2019
robiiiiiimmm,おしごとつかれたけどフォロワーさんたちの素敵な絵とヨルシカ聴いていやされながら夜を過ごす,Wed Oct 09 23:23:39 JST 2019
428szn,ヨルシカ当たらなかったけどグッズだけ買いに行こかな,Wed Oct 09 23:22:37 JST 2019
Tsukishiro_527,ヨルシカはものすごい感情入った歌い方するから好きすぎる,Wed Oct 09 23:22:03 JST 2019
Yabaitamagoyaki,ずっと真夜中でいいのに派の人と
ヨルシカ派の人どっちの方が多いんかな？
(自分はどっちも好きでふ),Wed Oct 09 23:21:56 JST 2019
KARASU__nana,@pazukome ヨルシカ声合うと思うんだ、パズー。,Wed Oct 09 23:21:48 JST 2019
chari05chiri,言って/ヨルシカ #NowPlaying,Wed Oct 09 23:21:45 JST 2019
ma_utakata_me,なんか普通のJpopとかいわゆる普通の歌手はそうでもないんだけど、ボカロとかから出てきた人たち(米津さんとかヨルシカとか)の曲たどると、歌ってみたとかがボロボロ出てきてまじで邪魔
youtubeお前、私が今まで一回でも歌ってみたをクリックしたことがあるか？？？あ？？？,Wed Oct 09 23:21:39 JST 2019
Airi0390,@sucre_observer わかりみ
ヨルシカさんの曲もMVもえもえもですこ,Wed Oct 09 23:21:27 JST 2019
iro_yoru_,@manami37801024 よね！！！！
さすがまなみ分かっとる（）
今更ヨルシカ愛が爆発しとる爆笑,Wed Oct 09 23:21:20 JST 2019
taiko_newsong,2019/07/25 [J-POP]

ただ君に晴れ
 ヨルシカ

(グリーン)
 #太鼓の達人楽曲紹介bot,Wed Oct 09 23:20:59 JST 2019
ntor_m,@okakaonigiri ヨルシカの藍二乗で出てきた万年筆のインクを使う機会が来たと思って、書きたいんですけど時間なくて、今から書きます！！！,Wed Oct 09 23:20:39 JST 2019
A_chin_hobby,@105_tomonori まさか東郷先輩もヨルシカ聴いていらっしゃるとは…🤩,Wed Oct 09 23:20:34 JST 2019
_____myou,ヨルシカのライブグッツなんかいみてもかわい、、ロンT保存用と着るよう2個ほしい,Wed Oct 09 23:19:44 JST 2019
manami37801024,@iro_yoru_ いいよねええええええ！てかあの爽やかなMVを冬に出すヨルシカのセンスが尊い。。
私も青っぽいと思う！！！！！！！！！！だいぶ！！！笑,Wed Oct 09 23:19:39 JST 2019
CordaydArmont,ヨルシカの物販にあるロンT欲しすぎばろた,Wed Oct 09 23:18:49 JST 2019
kanapon_nu0617,瀬田の文化祭はヨルシカが来るぞ
きっと！これだけ焦らしたんだから！それなりのやつ呼べよ？,Wed Oct 09 23:18:41 JST 2019
keimaruru,ヨルシカ、フレデリック、フォーリミのロンＴが可愛すぎて今一番欲しい…,Wed Oct 09 23:18:16 JST 2019
snow_card12,ヨルシカ外しまくった結果グレてるなう,Wed Oct 09 23:17:54 JST 2019
kujira0730,ヨルシカさんのライブも大事だけど、27日にコレサワちゃん観に行くので新幹線のチケット購入して来た。来月も大阪に行くんだけど😂,Wed Oct 09 23:17:52 JST 2019
iro_yoru_,@manami37801024 よね！！藍二乗のMVとかそーとすき。
ヨルシカ青っぽいイメージない？俺だけかな？笑笑,Wed Oct 09 23:17:37 JST 2019
latte39,ヨルシカのライブに外れたからゴッドランド島に行ってヨルシカの歌を熱唱することで僕がヨルシカになる計画、台風で欠便しそうでワロてる,Wed Oct 09 23:17:27 JST 2019
tail0414,推してる何もかもが好きで楽しい〜わ、今日で何回目か分からないヨルシカを聴いて私は寝ます☺️☺️,Wed Oct 09 23:17:26 JST 2019
0008x_x,ヨルシカ リセールのやつ クレジットカードないと出来ないのほんとに泣ける,Wed Oct 09 23:17:25 JST 2019
attyuntyun915,大体選曲が似ている人達2、3人でカラオケ行くの絶対楽しい
ヨルシカとかキタニとかそこらへん好み合う人募集してます,Wed Oct 09 23:16:51 JST 2019
wakukiragirl,@n_y_6 全力でヨルシカさんPRに励みます( • ̀•́ )✧
もっちろん！未成年ですけどね！笑笑,Wed Oct 09 23:16:07 JST 2019
sleepymusta,ヨルシカろんてぃほしさ,Wed Oct 09 23:15:46 JST 2019
souUIROU,@Mokimoki0205 ずとまよ はラババンなかったからヨルシカはラババンほすぃ…
ラババン収集癖あるから…,Wed Oct 09 23:15:17 JST 2019
keimaruru,10番 11番 12番 16番 のうちいずれか代行可能な方がいらっしゃいましたらお声がけ下さい
※ 事前振込+代行費〇 です
#ヨルシカ #月光 https://t.co/WwpP2Q3eZ8,Wed Oct 09 23:15:07 JST 2019
manami37801024,@iro_yoru_ おおおお同じだよおおお！！！
やっぱ青はヨルシカ味が強いくて好きなんさ💙,Wed Oct 09 23:14:40 JST 2019
Kaho__ot_No1,@ot_integral 今日も一日お疲れ様でした！
今日はヨルシカの日なんですね✨,Wed Oct 09 23:14:39 JST 2019
ccc_NPC,TK from 凛として時雨 『melt (with suis from ヨルシカ)』 https://t.co/ECddKyYEtT @YouTubeより,Wed Oct 09 23:14:35 JST 2019
norampom,ヨルシカのロンTほしい、かわいい,Wed Oct 09 23:14:30 JST 2019
gmn_tls,@ot_integral ヨルシカめちゃいいですよね🥰,Wed Oct 09 23:14:26 JST 2019
MiniTomato870,@ot_integral ヨルシカは、神曲ばっかり！,Wed Oct 09 23:14:26 JST 2019
azuma_east,いいな…いいな…ヨルシカ のライブ行ける人いいな…
念とか飛ばせないかな…
いいな…,Wed Oct 09 23:13:58 JST 2019
yukipanda0716,ヨルシカの言ってのラバーキーホルダーめっさ可愛い,Wed Oct 09 23:13:49 JST 2019
masuku_6,ヨルシカさんのライブグッズほぼ全部欲しいなあ全部素敵全部買う,Wed Oct 09 23:13:11 JST 2019
Automata2B,【off vocal】だから僕は音楽を辞めた / ヨルシカ Arranged by 萩 https://t.co/yI3xM1W2W7 @YouTubeさんから
かなり好きなやつだ,Wed Oct 09 23:12:44 JST 2019
Tsukishiro_527,ヨルシカ - だから僕は音楽を辞めた (Music Video) https://t.co/oexjTnkJ2C @YouTubeさんから,Wed Oct 09 23:12:38 JST 2019
tokio_u,ヨルシカ、イイナ,Wed Oct 09 23:12:24 JST 2019
Ka7__dE,ヨルシカの片割れn-bunaだしハマるに決まってんだ,Wed Oct 09 23:12:16 JST 2019
nirubili,もっとヨルシカの曲入れろ https://t.co/IsjRQpcpk6,Wed Oct 09 23:12:02 JST 2019
pkmn0426,@gomimakura ヨルシカきけ,Wed Oct 09 23:11:52 JST 2019
K421080,やっぱり形にならないからこそいいのかもな。いけないなら何も手に入らない方がいっそいいのかと思ったので、ヨルシカ通販買わない。当日ビッキャの前まで行ってとりあえず絶望だけ噛み締めてくる,Wed Oct 09 23:11:37 JST 2019
raibuniikitai58,ﾖﾙｼｶとずっと真夜中でいいのにと美波は
ハマりますなぁこの時間に聞くの好き,Wed Oct 09 23:11:16 JST 2019
1991harut,ヨルシカの代行誰かお願い出来ませんかラババン15が切実に欲しい,Wed Oct 09 23:10:59 JST 2019
dasono777,八咫烏ヒナちゃんが歌うDearが聞きたいっ！！！！！
でも、ヨルシカも聞きたい！！！
そして、ナナヲアカリも聞きたいっ！！

#八咫烏ヒナリクエスト,Wed Oct 09 23:10:49 JST 2019
popnneu,ヨルシカのやつ3-1のやつ出来なくて90%すら乗らないw,Wed Oct 09 23:10:35 JST 2019
ody423,TK from 凛として時雨 『melt (with suis from ヨルシカ)』 https://t.co/YIIfFSkt1B @YouTubeさんから,Wed Oct 09 23:10:19 JST 2019
Tsukishiro_527,ヨルシカ好きになってから同時にロック系にハマった感ある。,Wed Oct 09 23:09:50 JST 2019
BM_azu,せめてヨルシカのグッズ通販で買おう、、、,Wed Oct 09 23:09:45 JST 2019
VvL34Q6GcukWyRO,ヨルシカはどれも神曲
言って。も好きやしカトレアとか準透明少年とかだから僕は音楽をやめたとかパレードとか雨とカプチーノとか、もう全部神やねんけど。
勉強する時に聴くのが好き,Wed Oct 09 23:09:14 JST 2019
0008x_x,ヨルシカまじでチケット無いし音漏れ行くかあ,Wed Oct 09 23:09:04 JST 2019
9mq67mTf3V8bcQ0,病んでる時に聴くヨルシカは本当にエモい,Wed Oct 09 23:08:53 JST 2019
sunny_hinata,ヨルシカの物販チケットないと開場後入れないからじゃあ通販って見たら平日の15時スタートとかもう。携帯持ってトイレこもるしかないですか。,Wed Oct 09 23:08:41 JST 2019
Is_krasmrkb,ヨルシカのライブグッズ、欲しいやつ計算したら1万いかなかったので、通販まで残ってれば買いたいなあ
こういうライブグッズの通販買ったことがないから分からないんだけどやっぱり先着…？,Wed Oct 09 23:08:00 JST 2019
iRe_017TS,ヨルシカのグッズめちゃいいな・・・全部買うのはさすがにしんどいけどロンTとラバストほしすぎる。,Wed Oct 09 23:07:54 JST 2019
ainanaSogo0528,ヨルシカのグッズも買いたいしハロパも買うしなんなら夏ツの通販で缶バ積もうって思ってる私の今の所持金は2000円あるかないかです,Wed Oct 09 23:07:32 JST 2019
YOLUNA1122,漢字練習してたら「藍」って漢字出てきて、何も考えずに「藍二乗」って書いてしまった私はウマシカ
……ヨルシカだけに((((,Wed Oct 09 23:07:21 JST 2019
nemtaminzoku,ヨルシカさん好きな人かもん,Wed Oct 09 23:06:48 JST 2019
0323taiki141,YouTube見てておすすめにヨルシカさんのヒッチコック出てきて、そういえばさやちゃんがカバーしてたな〜って思って動画見たらこの曲めちゃくちゃさやちゃんに合ってる声やん、てかめちゃくちゃいい！！,Wed Oct 09 23:06:48 JST 2019
AmaNe_seep,ヨルシカのライブの物販でペア系のグッズが発表されたことで非リア個体が彼氏彼女求めあってるのなんか草,Wed Oct 09 23:06:43 JST 2019
Heyou1127,ヨルシカのLive行きてぇなあ,Wed Oct 09 23:06:22 JST 2019
H985930,最近のマイブーム
｢羅生門くん｣
｢藍二乗/ヨルシカ｣
｢アルゼンチンバックブリーカー｣ https://t.co/jzetSrvMig,Wed Oct 09 23:06:19 JST 2019
p4n_p,ヨルシカのライブ行くけどグッズを買うお金がないぃーwでもほしぃ！！,Wed Oct 09 23:06:01 JST 2019
nana_kawaii0824,テスト前＋夜で病んできたタイミングでヨルシカの曲を流してくるyoutubeの次の動画は策士,Wed Oct 09 23:05:59 JST 2019
e_n_t_s,ヨルシカのライブグッズめちゃくそ可愛いやんいーぷらで通販やるとか買うしかない,Wed Oct 09 23:05:53 JST 2019
er_mb8_,Tシャツのヨルシカの文字の下のやつアルバムの曲名を■で表したやつやね！ https://t.co/n4qX2fssHX,Wed Oct 09 23:05:34 JST 2019
yrr_0023,ヨルシカさんのライブ超行ってみたい,Wed Oct 09 23:05:15 JST 2019
Burossejin,ヨルシカほんとにすごい、作曲者天才すぎて言葉も出ないっすねまじで,Wed Oct 09 23:04:43 JST 2019
donkou_teria,あ、ヨルシカで一番好きなのはノーチラスだよ
パレードも好き,Wed Oct 09 23:04:43 JST 2019
mame_ice,tofubeatsもアジカンも椎名林檎も9mmもワンオクもRADもindigo la Endもヨルシカもずとまよもゆら帝もミッシェルもcali≠gariもヤバTも相対性理論もEveもKEYTALKもクリープハイプも東京事変もGO!GO!7188も菅田将暉も女王蜂も、あと忘れたけど色々借りた。iTunesに入れるの頑張る･･･。,Wed Oct 09 23:04:19 JST 2019
no_name_217_,ヨルシカのライブに行きたいです

どなたかチケット譲っていただけないでしょうか

難しすぎることはわかってます…

出来る限りの事はします…

音漏れ行こうかな…
音漏れ…するかな…

#ヨルシカ,Wed Oct 09 23:02:33 JST 2019
jrrNUoZRUSz2nRV,エルマかわぃぃぃぃぃぃぃい

可愛いしエモい………さすがヨルシカ様 https://t.co/H8YLEhllht,Wed Oct 09 23:02:24 JST 2019
0monuk,TK from 凛として時雨 『melt (with suis from ヨルシカ)』 https://t.co/5Bm7fjnO5s 推しアーティストと推しアーティストが,Wed Oct 09 23:02:23 JST 2019
Butterfly2250,ヨルシカの物販かわいすぎて草,Wed Oct 09 23:00:59 JST 2019
ZWaTen2Lk28tMha,ヨルシカでも聞こーと,Wed Oct 09 23:00:52 JST 2019
slc_ma,ヨルシカ、流行ってるから陽キャだと思い込んでたけどかなり陰キャだったから今めちゃくちゃ聴いてる,Wed Oct 09 23:00:45 JST 2019
kai_MTC,@sugeeeer_310 それがヨルシカの魅力なんですよね分かります!!!!😂✨✨
全部好きすぎて迷っちゃいますが、強いて言うなら…準透明少年とか！！！めっちゃ好きです😭💓💓,Wed Oct 09 23:00:39 JST 2019
gyutantei_bot,ヨルシカのオススメをみんなに聞いた結果全部の曲がいいらしいので全部アルバム聞くわ https://t.co/gbkEiv4PmI,Wed Oct 09 22:59:46 JST 2019
n72353609,ヨルシカと凛として時雨のコラボ曲
かっこ良くて好きやけど
裏声でも届かなそう。。笑,Wed Oct 09 22:59:41 JST 2019
29_immm,藍二乗 / ヨルシカ / うた！ https://t.co/1RCkevmyQ0,Wed Oct 09 22:59:39 JST 2019
ofushi_ao,なんかヨルシカ好きならずとまよ好きになるって人いるけど私にとってちょっと違うんだよね、ずとまよも好きっちゃ好きだけどね！,Wed Oct 09 22:59:35 JST 2019
Halon44879636,THE ORAL CIGARETTES - エイミー
https://t.co/MdHAzjOIUH

ヨルシカさんにも同じ曲名のものがありますが、此方もおすすめ。割とアップテンポが多いオーラルの中では比較的遅め。声がなんか癖になるんですよね。個人的には男性の中で裏声が一番好きな人です。あとギターかっこいいってなる。 https://t.co/aR5w4x7LEb,Wed Oct 09 22:59:11 JST 2019
like_cocoa_,ヨルシカさんのグッズ欲しいー,Wed Oct 09 22:59:00 JST 2019
nemo___nautilus,@Kauedtttungo すいません私大ヨルシカ好きですすすすすすす(錯乱),Wed Oct 09 22:58:43 JST 2019
aya_kmf2,@105_tomonori ノリさんの声大好きでSTの時出した曲全部とってました（笑）
ヨルシカさんのただ君に晴れとか、三代目さんの東京って歌絶対似合うなーと思ってます…！！
応援してますー！,Wed Oct 09 22:57:42 JST 2019
parpuruzame,@ruriruri_negi ヨルシカの何歌っとん,Wed Oct 09 22:56:55 JST 2019
papico_ztmy,えっ、ま…？(困惑)
あ、まだまだ投票まってます私の並ぶ時間が決まる大事な投票です(大事とは)
#ヨルシカ https://t.co/kY5BZKss4o,Wed Oct 09 22:56:45 JST 2019
YOLUNA1122,@Cocoapot_0237 それなーー！！
そして今ちょうどヨルシカ聴いてる笑,Wed Oct 09 22:56:36 JST 2019
_ugatsu_,うぎゃあヨルシカのライブめっちゃ行きたかったぁ〜〜〜,Wed Oct 09 22:56:05 JST 2019
yogitune_nico,ヨルシカ意外も聴きたいでごんす,Wed Oct 09 22:54:59 JST 2019
217_neko_,いやまじでヨルシカのライブに行きたいよ、ほんと

毎日聞いてる
もう少し日程増やすかでかいとこでやってくれさいまじ…

辛い！,Wed Oct 09 22:54:42 JST 2019
Shiroi_iro00,EDU,クラシック,ジャズ,ヨルシカ,TK from凛として時雨…そこら辺？

1曲だけなら最近は『…

続きは質問箱へ 

 https://t.co/RSUvRRX74s,Wed Oct 09 22:54:20 JST 2019
t8pam9gj,ヨルシカ通販嬉しいけどなに！？木曜の15時！？むり！！！！
あとダボダボ長袖欲しかったけどチビだから確実にワンピースになる結末しか見えないから絶望してる,Wed Oct 09 22:53:30 JST 2019
er_mb8_,学生時代にヨルシカ好きな人と付き合えたら最高に幸せだっただろうなぁ。今は現実見ちゃって難しいところが多いけど🤷🏻‍♀️,Wed Oct 09 22:53:30 JST 2019
chi_jrocklove,ヨルシカのロンT欲しいなぁ(；ω；),Wed Oct 09 22:53:07 JST 2019
Chidoris_39,あっっっっ通販………………！！！
神や………………………………
神です……………………………………
ありがとうヨルシカさん…………………
これでもうちょっとだけ頑張る……,Wed Oct 09 22:52:55 JST 2019
AiderNoir,ヨルシカ「月光」大阪公演10/21(月)

・ラバーバンド
・Tシャツ
・マフラータオル

物販代行頼める方いらっしゃいましたらリプかDMお願いいたしますm(*_ _)m

当日17時には到着できると思いますのでその時にお金渡します！
 
#ヨルシカ #代行 #拡散希望
#ヨルシカ好きと繋がりたい,Wed Oct 09 22:52:47 JST 2019
uminokuki,心より大事なものを見つけたかった
･
･
･
ヨルシカ,Wed Oct 09 22:52:39 JST 2019
oursounds,『ずっと真夜中でいいのに。ヨルシカ コピーバンド募集(東京都 , 神奈川県 , 埼玉県 , 千葉県 , 茨城県) 』ご覧頂きありがとうございます〜

最近好きになったヨルシカとずっと真夜中でいいのに。の
https://t.co/TzPWAsDVmR
 #バンドメンバー募集,Wed Oct 09 22:52:22 JST 2019
nail_lve,ヨルシカのリセール
昨日までだった、、(∵),Wed Oct 09 22:52:21 JST 2019
er_mb8_,@MENKUN_RAITO ね（笑）まぁ異性に問わずヨルシカ好きと出会って語りたい気持ちはわかる（笑）（笑）,Wed Oct 09 22:52:13 JST 2019
chi_jrocklove,今日イオンにフレデリックをゲットしに行ったんだけど、HMVではミセスのAttitude流れるし、ヴィレヴァンではヨルシカの神様のダンス流れるし、幸せやった〜〜〜〜 https://t.co/74FNHPQKrS,Wed Oct 09 22:52:10 JST 2019
sa_ya_ka0810,いまから彼氏つくれば
月光に間に合うんじゃ…？！
【急募】
ヨルシカ好きなハイスペック彼氏

\  M U R I  /,Wed Oct 09 22:51:49 JST 2019
dawashika_,高校生活最大最後のないものねだり
「ヨルシカ好きな彼女くださいm」,Wed Oct 09 22:51:42 JST 2019
sunny_hinata,買うならリングライトとキーホルダー。合わせて2700円。ヨルシカのロンTもほしい。つまり金。全ては金,Wed Oct 09 22:51:15 JST 2019
RycL_ONGK,@RENA_KUZYO 昔からFFでいてくれている方！そういえばセガゲーにもヨルシカ入ってました何かは忘れましたが,Wed Oct 09 22:51:01 JST 2019
er_mb8_,ヨルシカ好きな人とはセンスとか価値観ちょっと似てるって信じてるんよなぁん,Wed Oct 09 22:50:22 JST 2019
Kousuke1211,TK from 凛として時雨『melt (with suis from ヨルシカ)』
https://t.co/ikSZkR4Sud,Wed Oct 09 22:50:20 JST 2019
ks8_u,時計が鳴ったから、やっと目を覚ました。やっと？？
時計が鳴っても、目を覚ませない俺はヨルシカ好き失格やん。,Wed Oct 09 22:50:19 JST 2019
ryoto0229,ヨルシカのグッズ、ロンtも普通のバンドtもほしいし、ラバーキーホルダーはギターのケースに付けたい
つまり何が言いたいかというと金がない,Wed Oct 09 22:50:09 JST 2019
er_mb8_,ヨルシカ好きな人と自然綺麗なところを歩いてひたすら写真撮って過ごしたい,Wed Oct 09 22:50:02 JST 2019
imsleepinwell,仰向けになって胃の上に音楽を流した状態のスマホを置いてさらに手を重ねるとなんだかずっとお腹が鳴ってるような既視感が出てきます。なんかめっちゃおもろい。私はヨルシカさんの雨晴るるでなりました。お試しあれ。,Wed Oct 09 22:49:51 JST 2019
koyuki130104,ヨルシカのグッズかわいすぎる…,Wed Oct 09 22:49:42 JST 2019
kogashibata,むっちゃ急いでザンザス君描いてる
BGMはヨルシカ,Wed Oct 09 22:49:37 JST 2019
kyuso_0127,ヨルシカのグッズ可愛すぎい,Wed Oct 09 22:49:35 JST 2019
yuki_kurogiri,@GunBlade8 RAD、ユニゾン、米津玄師、アジカン、ミセス、セカオワ、アマザラシ、さユり、ポルノ、エルレ、YUKI、supercell、YUI、NOVELS、ヨルシカ、Eve、ココオク、LiSA、テナー、FLOW、miwa、あべま、ロードオブメジャー、相対性理論、あとボカロ辺りで被ってるのあるか？,Wed Oct 09 22:49:05 JST 2019
2koron_bean,ヨルシカの…………
グッズが……………
可愛すぎる…………
誰か買って…………(自分で買え,Wed Oct 09 22:48:49 JST 2019
miyumiyu_0316,ヨルシカのグッズが欲しすぎる

しかもsuisさんのデザインやって？！

神ですか？✨,Wed Oct 09 22:48:36 JST 2019
saidaa_sorahosi,ヨルシカ……………通販………欲しい…………,Wed Oct 09 22:47:58 JST 2019
sio_1210,ずっとヨルシカのマークについては気になっててナブナさんのことだから絶対に何かしら意味があるのはわかってたけど……,Wed Oct 09 22:47:48 JST 2019
koorinrin_,ヨルシカの物販いってついでに秋服買おうかな,Wed Oct 09 22:47:06 JST 2019
kirahiji29,ヨルシカのライブ行けないの悔しすぎるから、CDJ全通したいわ,Wed Oct 09 22:46:21 JST 2019
S_Tomoyu_CL,彼女にこれ来て欲しい……

というか、ヨルシカ好きの彼女欲しいんですけど…… https://t.co/YYhmvn87Wl,Wed Oct 09 22:46:17 JST 2019
financiiiiiier,ヨルシカのグッズほすぃ,Wed Oct 09 22:46:01 JST 2019
Hiiinanana0313k,ヨルシカ物販だけ行くやーつ,Wed Oct 09 22:45:32 JST 2019
kowloon_fp,NEWQ - ヨルシカ「言って。」 (cover) https://t.co/ZFISfBUemz @YouTubeより

誰かがこのボーカルの声ナダルに似てるって、ナダルにしか聞こえないってコメントあって。もうナダルだよ。 でも上手い！ #ヨルシカ #ナダル,Wed Oct 09 22:44:23 JST 2019
kuronekom_h,ヨルシカのグッズ欲しいんですけど！？,Wed Oct 09 22:44:14 JST 2019
PhoriaGame,@nbuna_staff こんばんは。夜遅くすみません。ヨルシカの唄が大好きな海外人ですが４時間くらい前にツイッしてくれたグッズをAmazonや外のネットサイトで売る予定はありますか?,Wed Oct 09 22:44:13 JST 2019
sucsk05,いやぁアイマスクやめるかぁ……
ヨルシカで3,700円プラスTシャツかロンＴ買うでしょ、あとはハロパグッズで約4,000円やな
1万で収まるようにしなきゃなぁ……,Wed Oct 09 22:44:11 JST 2019
nametststs,やっぱりヨルシカって凄い。
聴いた後の余韻が…
エルマ、感動した。日記読みながら聴いたけど、終わった後少し呼吸が深くなった。
次は髭男のTravelerを聴く。
楽しみ(^^),Wed Oct 09 22:43:45 JST 2019
kouchan_3S,ヨルシカ良すぎてラブ1個じゃ足りんのやが,Wed Oct 09 22:43:44 JST 2019
SuiAsca,あすキャスありがとうございました😊
my punkyの途中で終わったの笑ったw

そして久しぶりの弾いてみた動画投稿〜‼️今回はスイラビでサポートをしてくれてるギターのTAKUMAさんと！ぜひ観てね🐰

ヨルシカの「ただ君に晴れ」をBaとGtで【弾いてみた】 https://t.co/NACdl93fRW @YouTubeより https://t.co/I5LY1qBTtr,Wed Oct 09 22:43:40 JST 2019
papico_ztmy,ヨルシカ物販何時から並べは買える？？？？？絶対激混みやん？？？？,Wed Oct 09 22:43:16 JST 2019
piyo__piyo07,あと全然関係ないけど今月はずとまよとヨルシカのライブがあるので頑張れちゃう🤤
チケ運良すぎてそろそろ死ぬのでは？,Wed Oct 09 22:43:11 JST 2019
Ware_kchi010306,ヨルシカのグッズ可愛すぎる,Wed Oct 09 22:43:10 JST 2019
mitsuki_1Q84,ヨルシカ好きの彼女には出会えていたらなー,Wed Oct 09 22:42:49 JST 2019
kantoku_RAD,ヨルシカのライブグッズ欲しすぎる,Wed Oct 09 22:41:27 JST 2019
ReLemon_8,当方、ヨルシカ、須田景凪、夏代孝明、キタニタツヤ、神僕、ヒトリエ、みきとP(敬称略)が好きです,Wed Oct 09 22:41:26 JST 2019
midona334,三秋縋先生とヨルシカの影響で夏を好きになり始めたのに気付いたら夏終わってたわ,Wed Oct 09 22:40:59 JST 2019
Serie0420,古参感を出したいわけじゃないんですけどヨルシカっていつからこんなに人気だったんだ…2年前周りに知ってる人ほとんどいなかったぞ…,Wed Oct 09 22:40:56 JST 2019
nameless_00_,@renren___xyz ヨルシカ『夜紛い』,Wed Oct 09 22:40:56 JST 2019
muua_1073,ヨルシカの声好き,Wed Oct 09 22:40:55 JST 2019
mataethu435,買えへんけど流れてきたヨルシカのグッズ可愛い。,Wed Oct 09 22:40:49 JST 2019
mai0408_37,推しに歌ってもらいたい曲！
歌が上手いんだけど高い声出してるイメージないからなかなか難しいね…
ヨルシカとかどうかな
あの夏に咲けが好き,Wed Oct 09 22:40:48 JST 2019
Ciel_Cats,断食的な意味合いでヨルシカのアルバムとライザのアトリエ封印してるんだけど開けられる日が今年中に来るのだろうか…,Wed Oct 09 22:40:34 JST 2019
S_Tomoyu_CL,ヨルシカさんの曲聞いてると
 ｢ゲームになんか溺れてないで、音楽を趣味にしたかった。ゲームの高いランクとかより、ピアノとかギターとか弾けた方が全然かっこいいなぁ｣
っていつものように思ってる。,Wed Oct 09 22:40:00 JST 2019
ka_nashi_ro,ヨルシカはこれが好きなンだわ https://t.co/BEID5tXWVK,Wed Oct 09 22:39:48 JST 2019
ttaa_nn,ヨルシカのグッズの通販✨
送料の価格より、全国一律(北海道、沖縄含む)←ここが重要！

#ヨルシカ
#月光,Wed Oct 09 22:39:40 JST 2019
donkou_teria,最近のはやりの曲って何なんやろ
ヨルシカさんの曲をメインで聞いてるから
なんもわかんね('ω')
もしかしてお願いマッスルとか？ https://t.co/kcd5HG2gR3,Wed Oct 09 22:39:23 JST 2019
marika_apricot,誰かヨルシカのグッズ貢いでくれ(´;ω;｀),Wed Oct 09 22:39:23 JST 2019
Ichiha_00,ヨルシカまじでおすすめ https://t.co/W5EAhTlQgD,Wed Oct 09 22:39:11 JST 2019
BBB_croakcroak,ねぇぇぇぇえええぇぇ何なのこのセンスの塊のようなグッズたちは
物販だけ並びに行きてぇぇぇーーーーーーーーーーーーー！！！！
#ヨルシカ https://t.co/HcuJScU8sY,Wed Oct 09 22:39:00 JST 2019
t_suzuno_0320,ヨルシカ
Office髭男dism
Aimer
miwa
backnumber
ONE OK ROCK
RADWIMPS
SPYAIR

ここら辺かなぁ。色々好き。

#BoxFresh https://t.co/pGRfynTh7s,Wed Oct 09 22:38:34 JST 2019
ux__Ox_____,ヨルシカのロンTかわいすぎ。,Wed Oct 09 22:38:31 JST 2019
kowloon_fp,息子のApple MUSIC復活
さっそくヨルシカダウンロードしてindigo1位だねーって
休憩と言って早30分聞いてるぞって長くね？？#ヨルシカ #indigolaend #AppleMUSIC,Wed Oct 09 22:38:22 JST 2019
Rqzy_4nL,ヨルシカのグッズ全部買ってプロメア買うとするとお財布軽くなりそう,Wed Oct 09 22:38:19 JST 2019
muimui820,ヨルシカの物販通販ありとか神すぎるけど全部通販で買えるんよな？めちゃくちゃ神,Wed Oct 09 22:37:53 JST 2019
mwam_gr,ヨルシカ好きな友達欲しい,Wed Oct 09 22:37:45 JST 2019
Long_3per,@key_ll_nn 
ヨルシカ、通販有りですって。何かいます？,Wed Oct 09 22:37:40 JST 2019
SKRaua_24,とりま
ヨルシカのライブ行きたい,Wed Oct 09 22:37:13 JST 2019
rafuransu0315,美波もいきたいしLiSAもいきたいヨルシカも行ってみたいしずとまよもまだまだいるやばたん,Wed Oct 09 22:37:01 JST 2019
xenoxenasena,ヨルシカ - だから僕は音楽を辞めた (Music Video) https://t.co/1JhoJzbadS @YouTubeより
これは有名じゃないかな？,Wed Oct 09 22:36:39 JST 2019
WXiOUBeu3VnTkTg,ヨルシカのTシャツ普通に欲しい,Wed Oct 09 22:36:27 JST 2019
ryourai2,@momotakotako 
うぽつ(･ω･)ゞ
なるほど見た方が良いやつ(　-`ω-)
ヨルシカ楽曲ブーストかかるからなｗ
3:30辺りの溜めというか緩急が印象的でした(*･∀･)ｂ
あともう夏じゃねーから、たまに暑い日がある秋だからｗ,Wed Oct 09 22:35:47 JST 2019
tatsuki__m_1638,@105_tomonori ヨルシカまじ好きなんだよねノリくんの歌声やと余計最高だわ😢
泣く泣く😭,Wed Oct 09 22:35:20 JST 2019
xenoxenasena,ヨルシカ - パレード (Music Video) https://t.co/yThRmTfpph @YouTubeより
これ,Wed Oct 09 22:35:02 JST 2019
ava_kakemika,ヨルシカのTシャツめっちゃ欲しい😭,Wed Oct 09 22:34:46 JST 2019
_______0__0___,@kaguya2953 ほんと謎ですww
友達と一緒に買って送料、割り勘すれば少し安くなりますね！グッズ買うレベルのヨルシカ友達いないけど！！( ◜◡‾),Wed Oct 09 22:34:22 JST 2019
Tetono5,よしヨルシカのライブグッズ代で軽く1万飛ぶと見積もっておこう。
貯金計画ガタ崩れ！！！！！！
やばいぞ学費！！！！！！！,Wed Oct 09 22:34:22 JST 2019
yu_ghoul,ヨルシカのグッズ全部欲しい
全部買お,Wed Oct 09 22:34:14 JST 2019
a2ko2ko,ヨルシカのグッズも出てたけどかわいかった,Wed Oct 09 22:34:13 JST 2019
nyan_nyan_chip,スノボとイヤホンetcとヨルシカのグッズとがいま欲しい
あー早くスノボ行きたい,Wed Oct 09 22:33:58 JST 2019
s1kMtK55ThWOdNV,ヨルシカの1曲1曲が好きでひたすら聴いてたら
実は全てが繋がってたんだって
ひとつの物語なんだって
切ない点と点が繋がった瞬間
感動と震えと鳥肌と涙が出たのって
私だけじゃないよね？？？？,Wed Oct 09 22:33:36 JST 2019
pacha_pay,ヨルシカのグッズ代行してくれる人はいないんですか
昼間学校だから行けないつらい,Wed Oct 09 22:33:09 JST 2019
yashi_shun,ヨルシカのロンTかわいい,Wed Oct 09 22:33:04 JST 2019
mrnpn_50,ヨルシカのグッズを手に入れることができるというだけで幸せだなぁ…
え、だって家に帰ったらこのグッズたちがある生活ってことでしょ…,Wed Oct 09 22:32:45 JST 2019
sirochandao,#ヨルシカ #WhiteYouzy伴奏

雨とカプチーノ / ヨルシカ
#nanamusic
https://t.co/SfPIN7Tg7k,Wed Oct 09 22:32:41 JST 2019
A7SDPo0cCTLBag5,なんとなくヨルシカ感あるなぁって思ったの https://t.co/AH43UKvXO0,Wed Oct 09 22:32:40 JST 2019
reosuffocation,昨日までは
ずとまよ🦔
今日は
ヨルシカ🍋

タイムラインが
夜ヨルしてて

嬉しいな
嬉嬉🦔🍋🦔🍋🦔🍋🦔🍋,Wed Oct 09 22:32:36 JST 2019
symbol0204,ヨルシカは手つけてねえわ,Wed Oct 09 22:32:17 JST 2019
maofuru___,@nabuna2 久しぶりにナブナさんに思いを伝えたくリプライしますー！
環境が変わりツイッター開くのさえ億劫になっていました。が、変わらずナブナさんの、ヨルシカの、音楽は聞いています。夏草も負け犬も聞きます。
やっぱりナブナさんの音楽が支えで、とても好きです。長文失礼しましたー！,Wed Oct 09 22:32:14 JST 2019
ka__69,ヨルシカのグッズで破産しそうなんだけど,Wed Oct 09 22:32:13 JST 2019
ryotaDD,ヨルシカのチケット当たった人いるんか？
ラストチャンスのリセール…頼む。,Wed Oct 09 22:32:07 JST 2019
konakonasummer,ヨルシカの物販情報出た途端フォロワーさん達が一斉に彼女（彼氏）ほしい！ってツイートしてる…笑
もちろん私もほしい！ヨルシカ好きの！！,Wed Oct 09 22:31:47 JST 2019
LlvV5xJO0NPAwfc,ヨルシカとずとまよのグッズは買うしかない！,Wed Oct 09 22:31:44 JST 2019
gomimakura,ミーハーはひげだんとヨルシカききがち,Wed Oct 09 22:31:38 JST 2019
8na7tsu2mi3,ヨルシカ何時に並ぼう,Wed Oct 09 22:31:31 JST 2019
bbms2208,ヨルシカ....把握,Wed Oct 09 22:31:25 JST 2019
NiaofaProgram,TK From凛として時雨『melt(with suis From ヨルシカ)』めっちゃエモくていい曲だなぁ。
投稿されてから最近毎日聴いてるほどお気に入りの曲。
幻想的な世界観と歌詞が好き。,Wed Oct 09 22:31:22 JST 2019
ginger_syoga,ずっと薦めたかった人たちが最近ヨルシカにハマっていくの見ていいぞ……となってる
そしてそれらがあなたたちの何かの原動力になってくれればとも思う、何様だ?,Wed Oct 09 22:31:19 JST 2019
sora____14,えヨルシカのグッズ通販で販売するの？だったら超絶買いたいんだけど,Wed Oct 09 22:31:17 JST 2019
fuwaty1,ヨルシカ物販通販で販売されるなら買うしかない,Wed Oct 09 22:30:59 JST 2019
omom__17,ヨルシカのラバーキーホルダーかわいいんだが,Wed Oct 09 22:30:20 JST 2019
xenoxenasena,歌詞はめっちゃ後ろ向きというか物悲しさがあるから、ヨルシカ聞いた後にamazarashiの『終わりで始まり』とか聞くと救いがあって気持ちが救われる,Wed Oct 09 22:28:53 JST 2019
jesica0415,ヨルシカのグッズがおしゃん過ぎる,Wed Oct 09 22:28:52 JST 2019
NARAbc06,こないだカラオケでヨルシカ練習してきたけど割と歌ってて気持ちいい曲が多かった,Wed Oct 09 22:28:45 JST 2019
poikamo_0718,いまヨルシカの心に穴が空いたを聞いて真犯人から目をそらしている,Wed Oct 09 22:28:44 JST 2019
sub_str,ヨルシカのグッズ、ターゲットの年齢層絶対低いなびみょいって言ってる人間が自分しかいない,Wed Oct 09 22:28:29 JST 2019
217_neko_,ヨルシカのライブに行きたい
もはや音もれしないかなレベルで,Wed Oct 09 22:28:26 JST 2019
hmaarrui1108,眠る時間だ
みんな、おやすみ⭐🌙
またあした！
( ˘ω˘ ) ｽﾔｧ…

ヨルシカ
キーホルダーがほしい
( ˘ω˘ ),Wed Oct 09 22:28:14 JST 2019
nnm877000,ヨルシカさんのグッズ全部ください･････････････････････,Wed Oct 09 22:28:13 JST 2019
reosuffocation,200回再生　60いいね
ありがとうございます✨

月光ライブには行けないですが

僕は此処で歌ってます
いつも歌ってます

よろしくお願い致します！
#夕凪、某、花惑い　#ヨルシカ
#れお　 #歌ってみた　#弾いてみた,Wed Oct 09 22:27:53 JST 2019
maofuru___,@nabuna2 ありがとうございます！！😭🙏🙏
もう全てにおいて優しいヨルシカさまさま😭😭,Wed Oct 09 22:27:48 JST 2019
purple_0613k,ヨルシカのグッズ買いに行こうかなー,Wed Oct 09 22:27:37 JST 2019
izu_tem_0Oo,ヨルシカのグッズは絶対に集める,Wed Oct 09 22:27:37 JST 2019
xenoxenasena,最近ヨルシカって人らの曲にハマってるんだけど、amazarashiが好きな人には向いてそう,Wed Oct 09 22:27:26 JST 2019
peijun0412,ずとまよ、ヨルシカ、美波がよき,Wed Oct 09 22:27:19 JST 2019
HikariNmm03,#ヨルシカ #ヨルシカ好きと繋がりたい https://t.co/sJ9ApdXdfq,Wed Oct 09 22:26:53 JST 2019
r1724,もうずっとヨルシカ。
よいよいよい,Wed Oct 09 22:26:37 JST 2019
ccyuk,TK from 凛として時雨 『melt (with suis from ヨルシカ)』 https://t.co/teKNLYQltP @YouTubeさんから,Wed Oct 09 22:25:52 JST 2019
kuruota_1101,欲しい……
#ヨルシカ https://t.co/RTj1E4bHUw,Wed Oct 09 22:25:51 JST 2019
conan627,@NrFjz14E6No0ZrW フォローありがとうございます！！！
ヨルシカのライブ行かれる方かな…？よかったら仲良くしましょ！！,Wed Oct 09 22:25:43 JST 2019
sunny_hinata,ヨルシカのグッズかわいすぎる。ライブ行けなくても物販はいきたい,Wed Oct 09 22:25:14 JST 2019
Eqf3E,@105_tomonori ヨルシカさんの曲めっちゃ好き🤤🤤,Wed Oct 09 22:24:55 JST 2019
Ka7__dE,ヨルシカ聞いてメンヘラキメるか笑,Wed Oct 09 22:24:20 JST 2019
orange02102,@HALU______1 よっしゃ馬鹿でマウント取った！
かのじょおおはヨルシカに興味を持ってくれるんかなぁ,Wed Oct 09 22:24:16 JST 2019
MAYM_usamosa,ヨルシカさんの曲！ 

 https://t.co/7WvhS2UBtq,Wed Oct 09 22:23:46 JST 2019
hazaki_guitar,心に穴が空いた/ヨルシカ

弾き語りました。

・

・

・

君を描き出すだけ​─​───。

・

・

#弾き語り
#ヨルシカ

#はざきのうた https://t.co/txTVJVHY60,Wed Oct 09 22:23:40 JST 2019
yu_aiueoka,ヨルシカのグッズのためにe+登録してたら急に知らない番号から電話かかってきてびっくりした。調べたらe+からだった。心臓に悪いわ。,Wed Oct 09 22:22:31 JST 2019
y_petty_Trb19,ヨルシカ物販

ロングシャツ
ラバーキーホルダー1
タオル
ラババン2
エイミーシャツ（MかL）

合計で11500円です

これで今のところは満足な予定
ただ2時から行かないと無理ゲーな気がした,Wed Oct 09 22:21:54 JST 2019
entering2016,@violet_station ヨルシカの「8月某月明かり」最高すぎて草,Wed Oct 09 22:21:47 JST 2019
maruboroom,TK from 凛として時雨 『melt (with suis from ヨルシカ)』 https://t.co/jNeKgAUk66 @YouTubeさんから,Wed Oct 09 22:21:28 JST 2019
Runtast95510603,え、ヨルシカのグッズびっくりするほど良いんだが,Wed Oct 09 22:21:23 JST 2019
Drop_JEB,ヨルシカのグッズってLIVE限定なのかなあ…通販…,Wed Oct 09 22:21:11 JST 2019
ztmy_pks_ktmt,いやいや、ヨルシカ物販だけ行くしかないやん、、,Wed Oct 09 22:21:06 JST 2019
taso_happy,言って。- ヨルシカ
https://t.co/WB8l4UY6AR,Wed Oct 09 22:20:53 JST 2019
Loveliver_1021,代行、、
してくださいませんか誰か
#ヨルシカ,Wed Oct 09 22:20:48 JST 2019
yuruka_oshigoto,ヨルシカのグッズの着用イメージ(？)
suisさんがモデルしてるのかなぁ…
そんな気がする。そうだったらやばい。
それより、歌上手くて絵も描けるとか聞いてない！！反則すぎる…😍😍😍
ネーミングも可愛すぎるし、suisさん
ほんと癒される。会いたいいいい,Wed Oct 09 22:20:47 JST 2019
setsunyankeijo6,ヨルシカ物販やば！
言ってのキーホルダーめっちゃほしい,Wed Oct 09 22:20:43 JST 2019
Saki86655894,@105_tomonori ただ君に晴れって曲も凄いいい曲だよ！(その曲もヨルシカだよ！),Wed Oct 09 22:20:31 JST 2019
ib_o_nob0108,ヨルシカのグッズ微妙すぎるな……,Wed Oct 09 22:20:22 JST 2019
Loveliver_1021,物販だけでも行こーかなヨルシカ,Wed Oct 09 22:19:09 JST 2019
Naruka0901,ヨルシカ物販で15000円溶かそうか悩み,Wed Oct 09 22:18:55 JST 2019
rei_miracle,【Minecraft】音ブロックで「だから僕は音楽を辞めた- ヨルシカ」 https://t.co/pLmb8JkXyu @YouTubeさんから,Wed Oct 09 22:18:25 JST 2019
_x_x_rock,ヨルシカのライブ一緒に行く子から
30日からずっと返事こないんだけど( ;ᯅ; )
このままだと分配してあげられないしどうしよう早く返事よこい、！！,Wed Oct 09 22:18:24 JST 2019
anonekimiga,ヨルシカ月光の東京公演の物販、もし開始時間の2時半から行く人いたら代行お願いしたいな…4時5時くらいに着くのでそこで代金支払い＆受け取りするので…居るかな、居ないよな…😢😓,Wed Oct 09 22:18:02 JST 2019
alumina_sound,ヨルシカのファンって中高生多そうだからバイト代とかあんまなくて大変よな。
あるみ、動きます。(動きません),Wed Oct 09 22:17:56 JST 2019
stemimets,いきなり始めるまである 弾き語り iPhoneからキャス配信中 - https://t.co/83L1GaBwhz #ヨルシカ,Wed Oct 09 22:17:47 JST 2019
mwam_gr,私がエルマで君がエイミーみたいだとずっと思ってた
ということで、ヨルシカのグッズをおそろっちで買いたい,Wed Oct 09 22:17:36 JST 2019
fumio_sassan,175曲目

どんどん200曲目が近付いてくる……
本当早いもんですねぇ……。

ふと、昔図書館の歌関連の本全部読み漁った事思い出してましたが...

雨とカプチーノ / ヨルシカ
#nanamusic
https://t.co/kDtUK8CJRo,Wed Oct 09 22:17:17 JST 2019
tsubarad,ヨルシカ のラバーキーホルダー欲しい,Wed Oct 09 22:17:16 JST 2019
home_199405,え、ヨルシカ、グッズよきやん。 https://t.co/7E8JBB3YFa,Wed Oct 09 22:17:12 JST 2019
kurage_mituya,@R_rR_chisato 通販だと思いきり買えますもんね！ヨルシカ運営神がかってますよね…。,Wed Oct 09 22:17:11 JST 2019
aberosio,ヨルシカ 名古屋,Wed Oct 09 22:17:03 JST 2019
hakohugu_8529,#ノーチラス #ヨルシカ #アコギ伴奏 #まッきー 

ノーチラス / ヨルシカ
#nanamusic
https://t.co/sK8F4v1KR9,Wed Oct 09 22:16:55 JST 2019
aya_snow_,⑦好きな音楽(ジャンル)
まふまふさんとヨルシカ
ボカロも好きです,Wed Oct 09 22:16:17 JST 2019
kentattttttttan,ヨルシカの物販欲しい,Wed Oct 09 22:15:36 JST 2019
M1A1th,女性ボーカルのバンドミュージックが多いですねえ。ヨルシカ、Hakubiが好きで、ヨルシカのボーカルの…

続きは質問箱へ 

 https://t.co/JAcO9kH26B,Wed Oct 09 22:15:26 JST 2019
55_vanivani3,ヨルシカのキーホルダーめっちゃ欲しい通販やらんかな,Wed Oct 09 22:15:22 JST 2019
Yutap0nnu,TK from 凛として時雨 『melt (with suis from ヨルシカ)』 https://t.co/at38OkTyNp @YouTubeより,Wed Oct 09 22:15:20 JST 2019
81susiku,ヨルシカのグッズ絶対買お…,Wed Oct 09 22:15:14 JST 2019
Nrzzzzz_,ヨルシカ-夕凪、某、花惑い https://t.co/76YM2cTnz2 @YouTubeさんから,Wed Oct 09 22:14:56 JST 2019
minato_5172,ハロパ、、、ヨルシカのも欲しいんだよなくっそ〜〜〜〜,Wed Oct 09 22:14:48 JST 2019
Ryo1410823,最近の若者風な事してみた
今フォローしとん隅田とヨルシカさんだけやで
優しい人はフォローしてくれてもええんやで🥺 https://t.co/XLkCrJXVzM,Wed Oct 09 22:14:47 JST 2019
er_mb8_,みんなヨルシカ好きな異性求めすぎてる（笑）（わかるけど）,Wed Oct 09 22:14:42 JST 2019
izumo_yuki0403,カラオケきたけどヨルシカもずっと真夜中でいいのにも高いんやが,Wed Oct 09 22:14:29 JST 2019
nukunuku69,弾き語りお茶会おつありす！
ヨルシカ好きだからヨルシカだと思ってたけどオラシオン！！
凄すぎてカラオケボックスで無音状態で言葉失って一室だけ静寂の中で目つぶってる謎の人になった
えやばい、上手すぎひん？
特にbからサビっていうか全部、かなり難易度高いのに...
さすありぃ..
#有栖のお茶会,Wed Oct 09 22:14:29 JST 2019
sorragrace,@Shimeji_915 ヨルシカだと、ただ君に晴れ
ずとまよだと脳裏上のクラッカー
が好きかな〜,Wed Oct 09 22:14:06 JST 2019
_isui_,今日のカラオケキャスから 負け犬にアンコールはいらない / ヨルシカ様 https://t.co/ZHsxYWjEFy,Wed Oct 09 22:13:58 JST 2019
Remy_023,ヨルシカのグッズ欲しすぎる✨,Wed Oct 09 22:13:57 JST 2019
hanamuguri0220,ヨルシカのキーホルダーほしいー,Wed Oct 09 22:13:18 JST 2019
Lemon_2396,ヨルシカの物販もろ修学旅行で泣いてる。,Wed Oct 09 22:13:15 JST 2019
sonaa_rn,シナリオもヨルシカもグッズが可愛くて、もう。センスがいいと困っちゃう(´･_･`)💖,Wed Oct 09 22:12:52 JST 2019
megu__03,ヨルシカのグッズ？
買うでしょ。
買うしかないでしょ。
お金ないけど(笑),Wed Oct 09 22:12:32 JST 2019
Yutap0nnu,最近投稿された凛として時雨とヨルシカのmeltもまじで最高です,Wed Oct 09 22:12:26 JST 2019
pppal_ig,いまヨルシカさえも聴くメンタルじゃないから、なんかもっとゆっくりした曲,Wed Oct 09 22:11:48 JST 2019
K_A_715,ヨルシカ15,000くらいじゃん…？
ハロパは…え,Wed Oct 09 22:11:36 JST 2019
R__iBi___oGa_,ヨルシカさんのほしいまじめに,Wed Oct 09 22:10:52 JST 2019
Simo_Tank,@1008shu10 あれもヨルシカさんなんだ！,Wed Oct 09 22:10:47 JST 2019
ttttaku_ay109,ヨルシカのライブは行けないけど通販あるなら買うしかないやん。,Wed Oct 09 22:10:45 JST 2019
takct0826,ヨルシカのロゴってそういうことだったんだ…,Wed Oct 09 22:10:19 JST 2019
abikoyasuhiko,ヨルシカ - ただ君に晴れ (MUSIC VIDEO) https://t.co/34VIjzgWPj,Wed Oct 09 22:09:28 JST 2019
TTakadanobaba,CDアルバム4枚1000円(税抜)
キャンペーン実施中(*ˊ˘ˋ*)♪

初のベストアルバム！
#Perfume　も好評レンタル中😍

その他にも。
#RADWIMPS
#竹内まりや
#ヨルシカ　も好評レンタル中(*ˊᗜˋ*)♡ https://t.co/FXsBizuYWP,Wed Oct 09 22:09:09 JST 2019
FcaMdWLVtAWixoc,ヨルシカ！！！グッズ最高すぎかて(๑˃̵ᴗ˂̵),Wed Oct 09 22:09:07 JST 2019
arpk_mohu,ヨルシカも物販かっこい〜いいなあ,Wed Oct 09 22:08:58 JST 2019
BokuTqko,@chounJP ヨルシカ,Wed Oct 09 22:08:36 JST 2019
wawawxwx,ﾖﾙｼｶめっちゃ行きたい😭 https://t.co/IDWcfOqTzp,Wed Oct 09 22:08:25 JST 2019
usagikemt,お疲れ様でした！きちゃあああああああああ！唯一！正解を当ててみせた！オラシオン！前から弾き語りしたいと言っていたしワンチャンにかけたら見事大当たりですよ！なんとなくヨルシカさんだろうな…と諦めてたけど…神！！！ピアノもお歌もすごく綺麗でこれはJKと言わざるを得ない！ #有栖のお茶会,Wed Oct 09 22:08:24 JST 2019
HXgSswrJlxmEWFl,@01_momona_19 ヨルシカとずとまよに似てるのか！！！！！聴いてみる！！！！！
教えてくれてありがとう笑笑,Wed Oct 09 22:08:05 JST 2019
yomogi__yoru,言って
好きな曲の1つ😍
#ヨルシカ
#ヨルシカ好きと繋がりたい 
#絵描き
#絵描きさんと繋がりたい https://t.co/CfZhGmbc3L,Wed Oct 09 22:07:56 JST 2019
thumipo,弾き語りヨルシカの何かかなと考えていたのですが、オラシオンでしたか！
サビの所で鳥肌がブワーってブワーって…
JYとかJSとかJCとかどうでもよくなりました。ありがとう。ありがとう。 #有栖のお茶会,Wed Oct 09 22:07:26 JST 2019
1008shu10,@Simo_Tank もちにゃんも歌ってたラプンツェルもヨルシカさんだよ。そちらもぜひ…,Wed Oct 09 22:07:02 JST 2019
nerumanta,おセンチな時の煙とヨルシカ、超キマッチャウ,Wed Oct 09 22:07:01 JST 2019
MSR_MONKEY,#NowPlaying
タイトル【夜紛い】
アーティスト【ヨルシカ】
アルバム【だから僕は音楽を辞めた】【2019】 https://t.co/4GLYhBPA47,Wed Oct 09 22:06:49 JST 2019
Amatsuki916_M,めっちゃほしい……((密かなヨルシカめちゃファン https://t.co/pEAU4zggVg,Wed Oct 09 22:06:48 JST 2019
aoministar__04,ここ最近の超多忙スケジュール+人間関係に疲れすぎて押しつぶされそう…笑
でもヨルシカ聴いたら自然と心がぽかぽかするんだよなぁ。ふしぎ。,Wed Oct 09 22:06:41 JST 2019
01_momona_19,@HXgSswrJlxmEWFl ヨルシカとずとまよと系統似てるのでもし良かったら聴いてみてください😳✨,Wed Oct 09 22:06:40 JST 2019
_Ranesun_,今日、めっちゃヨルシカのグッズのツイート流れてくるんだけど...欲しいんだけど...もう金ないんだけど...ラババンとラバスト凄い欲しいり可愛い。嘘だよ全部欲しいんだよ(号泣),Wed Oct 09 22:06:17 JST 2019
imok_np,@hotaru_po ほたぽちって呼んでもいいですか🥺🙏🏻
タメ認もありがとうございます(ToT)
ほんと偏見なんですけど、ずとまよ好きな方って半数はヨルシカも好きってイメージありますWW,Wed Oct 09 22:06:09 JST 2019
bijyoninaritai_,ヨルシカのLIVEいきたい
グッズほしいいきたいほしい,Wed Oct 09 22:05:53 JST 2019
ttoyo46771,@aska2939 一番最初に聞いた言って。かな、この曲でヨルシカと出会えたっていうのとかで思い出深いのもあるけど！
これが一番！！！！
あすかちゃんは？|ω･),Wed Oct 09 22:05:48 JST 2019
radiprism,♪ただ君に晴れ／ヨルシカ　#rccrp
#ラジプリズム,Wed Oct 09 22:05:29 JST 2019
mitsuki_1Q84,ヨルシカTをペアルックできたいよぉーぅ！！

＜共通の趣味:ヨルシカ＞
みたいな人と出会えないかな〜,Wed Oct 09 22:04:53 JST 2019
wakukiragirl,今まではいつか捨てるなら…とグッズは買わなかったのに、ヨルシカさんはCD買ってグッズも買う気満々！沼ってますね😳,Wed Oct 09 22:04:20 JST 2019
Koeda_xyz,三秋の影響でずっとヨルシカ聞いてるんだけど、あれn-bunaさんなのこの前に記事読むまでまじで知らなかった。,Wed Oct 09 22:04:17 JST 2019
chd_nxt,ウニの「その群青が愛しかったようだった」を作ってたn-bunaさんって「ヨルシカ」のギタリスト兼作曲家なの…知らんかった…,Wed Oct 09 22:03:53 JST 2019
Cocoapot_0237,@stemimets 
ヨルシカとか色々好きな人！
たまに上げてる写真が綺麗です！
そして、未だにあのドレスの画像が頭から離れず思い出し笑いしちゃいますw,Wed Oct 09 22:03:51 JST 2019
kizuka3desuyo,ヨルシカのライブのチケット、めちゃめちゃいい感じに迷惑メールに振り分けられてた危なw,Wed Oct 09 22:03:47 JST 2019
Serie0420,しゅまいもヨルシカのライブ物販行くのか？,Wed Oct 09 22:02:53 JST 2019
Br3_kyokyo_ut,ヨルシカのロンT買ってサブカル男になるか,Wed Oct 09 22:02:52 JST 2019
lemon_melonpan,@tamuken53 ヨルシカ好きなんですか？,Wed Oct 09 22:02:36 JST 2019
oursounds,『ベースです。拾ってください。(岡山県) 』歴7年のベースです。
23歳で男です。
倉敷に住んでます。
ポップスやロックやりたいです。
拾ってください。

ex)ずっと真夜中でいいのに。ヨルシカ
https://t.co/HichOQN2R8
 #バンド加入希望,Wed Oct 09 22:02:33 JST 2019
mint_cider09,ヨルシカの物販通販あるの嬉しすぎた！！
もう買うしか！でも、RADにさユりに…金欠ううううう,Wed Oct 09 22:02:19 JST 2019
ma_a_ri_____,ヨルシカ東京公演の日、グッズ販売行く人いらっしゃいませんか？代行お願いしたいです。お願いします,Wed Oct 09 22:01:52 JST 2019
Cocoapot_0237,@HALU______1 
ヨルシカとn-bunaさんが好きみたい……。さっき知り合ったばっかりだけど、好きって気持ちが伝わってくる！
フォローありがとうございます！,Wed Oct 09 22:00:40 JST 2019
DAMtomoJOYSOUND,ヨルシカの人来てないしmeltはやらないのかなと思ってたらやったしサプライズが多くてよかったです,Wed Oct 09 21:59:36 JST 2019
nana_abpr,ヨルシカのグッズほぼ買っちゃいそう,Wed Oct 09 21:58:32 JST 2019
exist1906,ヨルシカの音楽は好きだけどヨルシカは嫌いだ。
グッズのノート買って数学の計算用紙にしてやる。 https://t.co/NLU5zLtaaU,Wed Oct 09 21:57:42 JST 2019
mau_a_46,ヨルシカ好きな彼氏とTシャツとかお揃いで着たい人生だったなあ...(遠い目),Wed Oct 09 21:57:40 JST 2019
zipfm_noa,[21:53] ヨルシカ - 雨とカプチーノ

[radiko]
https://t.co/vxPHaK6FAt,Wed Oct 09 21:57:40 JST 2019
Serie0420,ヨルシカの物販だけ行こかな〜どうしよっかな〜,Wed Oct 09 21:57:26 JST 2019
rad_acor06,ヨルシカはじめて聴いたけどすこ、,Wed Oct 09 21:57:19 JST 2019
ayaka5520,ヨルシカのグッズ通販ありがたすぎる🙏🙏🙏,Wed Oct 09 21:57:02 JST 2019
mapuyuyu_n,ヨルシカ通販あるのか！！嬉しい！！！！,Wed Oct 09 21:56:52 JST 2019
syumu_cas246,ヨルシカのグッズ買うしかない,Wed Oct 09 21:56:39 JST 2019
Simo_Tank,@1008shu10 あっ、ヨルシカさんなんだ！,Wed Oct 09 21:56:33 JST 2019
yurd9317,初音ミクさん10周年記念アルバムで ボロボロだ を聴き、n-bunaさんを知り、気になりだして、ヨルシカもついでに聴いてみました。まだ知らない曲ばっかりやけど、ハマる予感…笑,Wed Oct 09 21:56:23 JST 2019
shi5050,最近またヨルシカばっつかり聞いてる(　-᷄ ᴗ -᷅ ),Wed Oct 09 21:56:22 JST 2019
65109_AJG,♡家入レオさん
♡米津玄師さん
♡スピッツ
♡ヨルシカ
♡Orangestarさん
♡n-bunaさん

上記の人達以外の好きな歌
♥拝啓、少年よ
♥天ノ弱
♥偽物勇者
♥Sparkle
♥明日を見上げた夏の終わり
♥惑星ループ
♥アトラクトライト
♥ⅢトゥルティンアンテナⅢ
♥ファイヴ
♥Life
♥The Anthem
♥愛言葉Ⅲ,Wed Oct 09 21:56:08 JST 2019
eradio_noa,[21:52] ヨルシカ - ノーチラス

[radiko]
https://t.co/mRu3jIvJGT,Wed Oct 09 21:55:21 JST 2019
k0701_takumi,ヨルシカ行けてグッズ買うとして計算したら冷や汗止まらない額になった https://t.co/0cbu9g9iZ4,Wed Oct 09 21:55:14 JST 2019
5______3,ヨルシカさん…追加公演ドームでやってください…,Wed Oct 09 21:55:06 JST 2019
gfks__18E,バイトに持っていくカバンが明らかにくそダサイからヨルシカのカバン持っていってって最高やなふへ,Wed Oct 09 21:55:06 JST 2019
maariinndayo,ヨルシカ聴きながらはワーク進まん〜〜〜さいこう,Wed Oct 09 21:55:03 JST 2019
yakousei_dayo,【死ぬまでに一度はライブ行きたいバンド】

・クリープハイプ
・[ALEXANDROS]
・THE ORAL CIGARETTES
・King Gnu
・ヨルシカ
・フォーリミ,Wed Oct 09 21:55:03 JST 2019
fmnagano_bot,「ノーチラス」 ヨルシカ (21:52),Wed Oct 09 21:54:36 JST 2019
ikurakoikura,ヨルシカさんのノーチラス、ほんま心臓持って行かれるな……｡+ﾟ(ﾟ´Д`ﾟ)ﾟ+｡,Wed Oct 09 21:54:29 JST 2019
nacotin422,ヨルシカのライブに行きたいってしつこいくらいツイートするかもしれないけど許してほしい（受験生より）,Wed Oct 09 21:54:25 JST 2019
sutacchi_5022,ヨルシカ卒論できない,Wed Oct 09 21:54:22 JST 2019
zZ43747060,@Fuwatt_pann3 wwwヨルシカね
まじギタームズすぎて萎える,Wed Oct 09 21:54:20 JST 2019
epERouosxMdGjOO,ヨルシカのグッズはラバストだけ買おうかな…悩み…,Wed Oct 09 21:54:17 JST 2019
sugar_apple__,夕凪、某、花惑いカッコ良すぎでは？？ヨルシカなんでこんなカッコ良さとオシャレさが両立できるのか,Wed Oct 09 21:54:11 JST 2019
abc_amz_1012,snowcase reflectionが今日聞いて好きになった！
あとヨルシカさんとコラボして最近出してたmeltも良かった✨
帰ったらダウンロード,Wed Oct 09 21:53:34 JST 2019
haru8652181772,@105_tomonori ヨルシカ最高っ♡
曲も歌詞も好き。
ずとまよも好き！,Wed Oct 09 21:53:28 JST 2019
A7SDPo0cCTLBag5,@HXgSswrJlxmEWFl ヨルシカ好きの彼氏できたら神様の力おかげだって拡散しますね,Wed Oct 09 21:52:30 JST 2019
ko8chi,あああぁぁぁヨルシカのラバーキーホルダー全部欲しいいぃぃ!!!!😭,Wed Oct 09 21:52:27 JST 2019
harinezumi_2620,これかこれでヨルシカのライブ行きたいけどなんかね https://t.co/DRLRvJ2phZ,Wed Oct 09 21:52:04 JST 2019
deeperdeeper57,ヨルシカのライブいきたかったなー,Wed Oct 09 21:52:00 JST 2019
lemon_melonpan,@HALU______1 ね！ね！イントロでヨルシカきたぁー！ってなってるw,Wed Oct 09 21:51:53 JST 2019
yanota_pas,ヨルシカのグッズめっちゃかわいいから買いに行こうか...通販にするか,Wed Oct 09 21:51:32 JST 2019
eaglewings0202,ヨルシカとマカロニえんぴつとビッケブランカが最近のお気に入りポイント,Wed Oct 09 21:50:59 JST 2019
WingerUltra,@HALU______1 おなじく！！！！ヨルシカ聴きながら行くわ！,Wed Oct 09 21:50:51 JST 2019
GOfromsekaowa,最近ピアノ、キーボードがいるバンドが確実に耳にする機会が増えたよな〜☺️
そしてどれも素敵なバンド達。🙌

#セカオワ
#ミセスグリーンアップル 
#サカナクション
#Official髭男dism 
#キュウソネコカミ
#神聖かまってちゃん 
#キングヌー
#ヨルシカ 
#sumika
etc... https://t.co/Ty28JkBnsq,Wed Oct 09 21:50:34 JST 2019
cap10_suna,ヨルシカのライブグッズ見たけどマジでどれも良さみが激しすぎてまじで欲しすぎる。転売でもネット販売でもなんでもいいからsuisさんデザインのロンＴとﾗﾊﾞｽﾄまじほしい………,Wed Oct 09 21:50:34 JST 2019
__peachtea__,ヨルシカのロンＴかわいいやん、、、,Wed Oct 09 21:50:13 JST 2019
HornHoshi02,ヨルシカのライブグッズ全てが可愛すぎて全部欲しいお金ない,Wed Oct 09 21:49:22 JST 2019
ris_ken_2_20,カメラ欲しい。

だけ

ヨルシカ「ただ君に晴れ」,Wed Oct 09 21:49:09 JST 2019
nanaonana7,Itte (English Cover) Acoustic Ver【JubyPhonic】言って。 https://t.co/7fsCA2g4kJ @YouTubeより
外国の方にもヨルシカの魅力を知ってもらえて嬉しい,Wed Oct 09 21:49:07 JST 2019
Lbo2Y5JaMX1dsvZ,だから僕は音楽を辞めた【ヨルシカ】/とらまるくん /  初見を感動させる歌声 https://t.co/DdJ1Dwjq5n | 1:48:34経過,Wed Oct 09 21:49:00 JST 2019
sena_4629,ヨルシカ強い笑(  ◜௰◝   ) https://t.co/eHsf6GXInk,Wed Oct 09 21:48:58 JST 2019
t1kllm888,だから僕は音楽を辞めた【ヨルシカ】  とらまるくん /  初見を感動させる歌声 https://t.co/OL9gsxwmt3 | 1:48:29経過,Wed Oct 09 21:48:55 JST 2019
Tigu_Tora,だから僕は音楽を辞めた【ヨルシカ】/とらまるくん /  初見を感動させる歌声 https://t.co/sqWJNL7xqv | 1:48:28経過,Wed Oct 09 21:48:54 JST 2019
nnnnnoch10,ヨルシカ1週間後にライブやるの全く気づかなかったし全然行ける日だったのですが、グッズ可愛すぎでは
えっかわいい、、、！ https://t.co/a6A9ZXCKNi,Wed Oct 09 21:48:52 JST 2019
lemon_melonpan,@HALU______1 ソナーミュージック聞いてるんですかー？ヨルシカかかると嬉しくなりません？w,Wed Oct 09 21:48:47 JST 2019
hiro_coke,ヨルシカのグッズ通販あるじゃん！！
なに買おうかな〜,Wed Oct 09 21:48:45 JST 2019
sumipe_sukomi,ヨルシカさんの歌の時系列が知りたい

ノーチラス
雨とカプチーノ
心に穴が空いた
だから僕は音楽…
藍二乗
負け犬にアンコール…
夏草が邪魔をする
靴の花火

くっ
藍→だから僕→ノーチ→カプチーノ     しかわからぬ…

#ヨルシカ考察班教えてくれ
#ノーチラス推し,Wed Oct 09 21:48:29 JST 2019
tadakafuka1,@araaare10 ほんとありがとうございます笑
ほんとにそんなことないですよ!?普通の勉強の方は死んでるんで……脳みそヨルシカとか好きなことにしか使ってませんよ！？((
なるほど、ギャグ漫画読んで勉強します笑
素敵な生きがいです👏
はい！これからも沢山絡んでくださーい！🙌🙌,Wed Oct 09 21:48:27 JST 2019
iamnot_enough,ちょっとヨルシカのグッズが可愛すぎる,Wed Oct 09 21:47:03 JST 2019
P5teru,凛として時雨とヨルシカのコラボとか鬼アツの極みやな,Wed Oct 09 21:47:01 JST 2019
tiiiiba117,@yrsk20sk ヨルシカの物販来ましたね！！！
もうお金が飛ぶ予感しかしないです笑
ほんと会ったらびっくりするくらいにコミュ障ですからね！！？優しくしてください、、笑,Wed Oct 09 21:46:19 JST 2019
serna_machine,ほのかさんの歌声が一瞬ヨルシカさん？って思ったのは自分だけじゃないはず😆,Wed Oct 09 21:46:16 JST 2019
tNntNns_,ヨルシカのバッグ欲しいなー,Wed Oct 09 21:46:16 JST 2019
lemon_melonpan,Twitter初めてすぐ、可愛い彼女は出来たんですが、私は彼氏欲しいんです！！！！！ヨルシカ好きで、声のカッコイイ彼氏が！！！！！,Wed Oct 09 21:46:14 JST 2019
kbsk_tmk_,ヨルシカのロングTシャツ欲しい通販あるのかな,Wed Oct 09 21:46:00 JST 2019
Bananamands_,ヨルシカのグッズくそほしい,Wed Oct 09 21:45:29 JST 2019
ktns_diet,今日はヨルシカの曲かかんないのかな　#sonar813,Wed Oct 09 21:45:28 JST 2019
uNgRv0NnqTGe4EU,@rurune_kiri お疲れ様〜(ﾉ´▽｀)ﾉ 🍵
俺はヨルシカ聴きながらのんびり帰ってま〜す🚃🎶,Wed Oct 09 21:45:08 JST 2019
jwave_onair,「ノーチラス」 ヨルシカ 21:43　 [YouTube: https://t.co/lxvEq7RNXm],Wed Oct 09 21:45:03 JST 2019
ngoshi29,だれかヨルシカ代行してくれないかな,Wed Oct 09 21:44:48 JST 2019
jwave,「ノーチラス」 ヨルシカ 21:43 https://t.co/XnfhouIdFa,Wed Oct 09 21:44:22 JST 2019
ttoyo46771,@aska2939 ヨルシカいいよねぇぇぇぇ！！！！((,Wed Oct 09 21:44:13 JST 2019
syo17940368,お〜これは嬉しい質問や😆
個人的には、ヨルシカの『ただ君に晴れ』を歌って欲しいなぁ〜😚
誰か歌ってぇ…

続きは質問箱へ 

 https://t.co/WN2P74kOFi,Wed Oct 09 21:43:45 JST 2019
MaxCreacat,まぁヨルシカ好きなのは最近じゃないが,Wed Oct 09 21:43:43 JST 2019
RINKA44534411,みんなからの匿名質問を募集中！

こんな質問に答えてるよ
● 付き合ってる人いる？…
● ヨルシカでよく聴く曲を教えてく…
● 美容に興味はありますか？？…
● 僕は誰でしょーか！！！…
#質問箱 #匿名質問募集中

https://t.co/SfAXF0dLiq,Wed Oct 09 21:43:43 JST 2019
yumechiisaiyo,ヨルシカまえ仲良かった人が好きでその人と仲良くなくなってからヨルシカ聞く度に思い出すから好きじゃなくなっちゃったのめっちゃ生活しずらい。と。TikTokハマった民の主張。まじ、聞きたくなくても流れてくる。,Wed Oct 09 21:43:40 JST 2019
200315yano,ヨルシカのグッズだけ買いに行こうかな...めっちゃ欲しい,Wed Oct 09 21:43:37 JST 2019
0_carbon_0,あ!!ヨルシカのグッズ通販あるんですか!?代行絶望的だったんですけど!!あるんですか!!!!!??????絶対かう...,Wed Oct 09 21:43:12 JST 2019
Furano_oimosan,ヨルシカ/ノーチラス

https://t.co/lWGvcwdyIR,Wed Oct 09 21:41:48 JST 2019
kilino2334,ヨルシカ物販だけでも行ける！！
頼む物販だけでも買わせてください！
#ヨルシカ,Wed Oct 09 21:41:01 JST 2019
04_ke_04,最近ヨルシカ聴いてる、良き◎,Wed Oct 09 21:41:00 JST 2019
rockinrui,はよヨルシカと対バンして,Wed Oct 09 21:40:41 JST 2019
simizu_rin,グッズにも伏線を…
ヨルシカさん考えすぎです。
高校生の僕には辛すぎますww https://t.co/UhKfwt4xMC,Wed Oct 09 21:40:34 JST 2019
hantake_tk,ヨルシカのグッズ欲しすぎるんですがｯ!!,Wed Oct 09 21:40:33 JST 2019
M4Be4b,間違ってるんだよ 
わかってないよあんたら人間も
本当も愛も世界も苦しさも
人生もどうでもいいよ
正しいかどうか知りたいのだって
防衛本能だ
考えたんだ あんたのせいだ

ヨルシカの
だから僕は音楽を辞めた
聴いてたら切なくなってきた,Wed Oct 09 21:40:10 JST 2019
iorindayo___,ヨルシカ最高だなぁ……((アルバムアップルミュージックでコンプリートしてる)),Wed Oct 09 21:40:00 JST 2019
xs_b__8,みんななんでそんなヨルシカ好きの彼氏彼女募集してるのよ…
ちなみに僕はといとか言う人にヨルシカの沼はめられたんやで✌🏻️,Wed Oct 09 21:39:36 JST 2019
usss__1117,ヨルシカのグッズめっちゃかわいい！！通販してくんないかな…,Wed Oct 09 21:39:31 JST 2019
ekurea_robin,髭男のPretenderとかヨルシカさんの曲が多いかな〜？あとは春茶さんの歌った曲が多め 

 https://t.co/y6YhBWme81,Wed Oct 09 21:39:07 JST 2019
uosheeran_song,🆕YouTube更新！

【アコースティック】
だから僕は音楽を辞めた/ヨルシカ(Cover) 

🎹@buttobi_teacher 
🎸@nannandao9 
🥁@HU_GObeatbox 

初めてビートボクサーを入れてセッションしてみたら予想以上すぎて楽しかった😳✨

▼フルでみてね
https://t.co/hUkIvTD1Vn https://t.co/yiTZ03wXbz,Wed Oct 09 21:38:22 JST 2019
CrazyBlank30,ヨルシカの2ndアルバム、エルマ、当日買ってライブの申し込みのQRコードできんくて、日にち開けてやろうと思ってたら忘れてて、今公式の物販ツイート見て思い出してショック。,Wed Oct 09 21:38:13 JST 2019
taiyosun2214,ヨルシカのグッズがライブグッズらしからぬ可愛さやん,Wed Oct 09 21:38:03 JST 2019
mo__1012,ヨルシカのグッズ。。
尊いなあ,Wed Oct 09 21:37:42 JST 2019
nisa_st_,ヨルシカ、物販買う予定無かったけどめちゃグッズカワイイから早めに行って買っちゃう…,Wed Oct 09 21:37:03 JST 2019
mubounayokubari,ヨルシカのライブグッズ無茶苦茶欲しいんだが？！,Wed Oct 09 21:36:40 JST 2019
mico25x25,@noise_shadow 分かんないwでも何でもめちゃくちゃセンスいいよねぇ。風真がヨルシカ好きなんだよねぇ…,Wed Oct 09 21:36:31 JST 2019
wor_chime,よるしかヨルシカ,Wed Oct 09 21:36:24 JST 2019
chestnut0912,ヨルシカさんのロンT可愛すぎて買うことに決めた https://t.co/ZdPhEuOYVu,Wed Oct 09 21:36:16 JST 2019
peach___nana,『心に穴が空いた/ヨルシカ』『アンヘル/かいりきベア』『紅蓮華/LiSA』etc...

#zabuu #匿名質問
https://t.co/fm3csW6HvN,Wed Oct 09 21:35:20 JST 2019
panpakapan0,せくちゃんがヨルシカについて聞いて
くるだなんてもしや歌うのか？,Wed Oct 09 21:34:25 JST 2019
sakusakurage,#ヨルシカ #八月某月明かり #nana民と繋がりたい #コメント歓迎 #フォロー歓迎 #フリーコラボ #コラボ歓迎 

コラボさせて頂き...

八月、某、月明かり / ヨルシカ
#nanamusic
https://t.co/AQ4v0cUkMy,Wed Oct 09 21:34:22 JST 2019
kerotan_kuzu,@koorinrin_ 検索から失礼します！
もし可能であれば、ヨルシカさんのライブの物販の代行をお願いしたいのですが…。,Wed Oct 09 21:33:57 JST 2019
food_sino_azu,ヨルシカをすこれ,Wed Oct 09 21:33:46 JST 2019
SONAR_MUSIC_813,🌉#ヨルシカ ライブレポーター募集🌠

🔻ご希望の方はこちらから！
https://t.co/MpDlJ3rBgY…

「ヨルシカ　ライブレポーター希望」と書いて、
住所、氏名、電話番号などの記入もお忘れなく!

📣当選者は番組エンディングで発表します！！

#jwave #sonar813,Wed Oct 09 21:33:27 JST 2019
32rhodium62,最近の作業BGMについて語ります、最近はヨルシカのだから僕は音楽をやめたを鬼のようにリピートしてます。メロディがめっちゃ好き。あとすいさんの声が好きなのもある。
こないだ一瞬だけ超久しぶりにリンちゃんなうを聴いてしまって配達人で脳内変換して笑うなどした,Wed Oct 09 21:33:22 JST 2019
Sverige0830,Twitterに上がってる今まで見たヨルシカ関連の絵の中で群を抜いて感動する絵が描けるのほんとにすごい,Wed Oct 09 21:33:03 JST 2019
c_ayak_,ヨルシカのグッズが全部かわいすぎたので破産してでも買いまくろうと決めた,Wed Oct 09 21:32:48 JST 2019
Bad_______guy,ヨルシカ様 通販ありがたいです。グッズも最高です。,Wed Oct 09 21:32:22 JST 2019
chari712der,ヨルシカのヒッチコック。
あぁ、この年頃の葛藤を唄ってるなぁ。

儂、この時分、EPITAPH毎日聴いてたなぁ。,Wed Oct 09 21:32:07 JST 2019
aroge1023,将来何してるんだろうって
大人になったらわかったよ
TLに張り付いて電車4回乗り過ごしてるさ
（ヨルシカ）（だから僕はインターネットをやめた）,Wed Oct 09 21:31:53 JST 2019
nkonsome,スウェーデンに行けばヨルシカの聖地巡りができるしズラタン像を拝める,Wed Oct 09 21:31:38 JST 2019
rui_bump_m,ヨルシカのろんティーめっちゃかわいい💕,Wed Oct 09 21:31:36 JST 2019
jxoxnxe,ポルカとヨルシカのライブグッズ通販やるんだよね～
欲しい～🥺
でも無職になるんだし禁欲しないとなぁ🤣,Wed Oct 09 21:31:28 JST 2019
craft_skrt,@panpakapan0 ヨルシカで最オヌヌメな曲は？,Wed Oct 09 21:31:25 JST 2019
shigemon3,ﾖﾙｼｶ,Wed Oct 09 21:31:14 JST 2019
ponzu_cos138,最近ずっとヨルシカさんの曲を聞いてる,Wed Oct 09 21:29:54 JST 2019
_marshruric_,かなぶーんのないものねだりとヨルシカの藍二乗と準透明少年 

 https://t.co/IteQ6hOdXE,Wed Oct 09 21:29:19 JST 2019
marcy_granblue,欲を言えばヨルシカ聴く時とずとまよ聴く時と米津さん聴く時とあいみょん聴く時でイコライザ使い分けたいけどそんな無茶は流石に通らない,Wed Oct 09 21:29:11 JST 2019
YmYmYmTo,ヨルシカさんも好きやし、ヒッチコックも好きやし、めっちゃ大好きな曲を大好きなノリが歌ってるなんて〜！！！！！！😭😭😭😭😭😭😭😭

最高すぎる😇 https://t.co/0qYBb1omGj,Wed Oct 09 21:28:49 JST 2019
hi_gogo_oral,ヨルシカのチケット降ってこねーかなー,Wed Oct 09 21:28:38 JST 2019
A7SDPo0cCTLBag5,私もヨルシカ好きな彼氏ほしい…
神様にお願いすればわんちゃんあるのでは https://t.co/k4Ewr9jJNj,Wed Oct 09 21:28:21 JST 2019
AO5091050,買い確定しました
黒と白どっちにしようか、、
みなさんTシャツ買うならどっち派？

#ヨルシカ
#月光
#個体
 #グッズ https://t.co/UnYK20T1Ib,Wed Oct 09 21:28:16 JST 2019
minasomaru,生活感がすごいわ
うとてる顔おもろい

#言って。 #ヨルシカ
#弾き語り #ギター
#弾き語りさんと繋がりたい https://t.co/a1lHqoNv9i,Wed Oct 09 21:28:04 JST 2019
739cPDxJPq8wY4r,ヨルシカのライブ行けないけどグッズは買おうかな😢,Wed Oct 09 21:28:03 JST 2019
keeeigo78708434,PlayStation®4 Lineup Music Video 「夢の中へ」ft. suis from ヨルシカ https://t.co/b3hrTesooA @YouTubeより

えっ、suisさん神か、、神でした納得

今更気づくなんてにわかだぁあっと思った方正しい,Wed Oct 09 21:27:58 JST 2019
haruka_yukkr,夜しか｜悠no非日常｜note（ノート）https://t.co/o93TFjhqIz
ヨルシカのツアーグッズについて
#ヨルシカ #エルマ 
#月光
#suisさん,Wed Oct 09 21:27:57 JST 2019
MaxCreacat,みんなヨルシカのエルマ好きね？,Wed Oct 09 21:27:44 JST 2019
WIkDFXwAAVYewsU,ヨルシカのロンＴ誕プレとして買ってもらおかな…,Wed Oct 09 21:27:38 JST 2019
HimOnO1279,ヨルシカ当たりました(素振り) ヨルシカ当たりました(素振り)ヨルシカ当たりました(素振り)ヨルシカ当たりました(素振り) ヨルシカ当たりました(素振り) ヨルシカ当たりました(素振り) ヨルシカ当たりました(素振り) ヨルシカ当たりました(素振り),Wed Oct 09 21:27:17 JST 2019
negashinn,ヨルシカのマルシェバック欲しすぎる,Wed Oct 09 21:27:12 JST 2019
mochi_mochi41,ヨルシカのライブ行きたい,Wed Oct 09 21:26:57 JST 2019
Bad_______guy,@nbuna_staff エイミーの持ってる時計がヨルシカのロゴっぽくなっててエモいです,Wed Oct 09 21:26:44 JST 2019
nyan_nyan_chip,ヨルシカのライブ行けないからせめてでもグッズ買おうー！！！
うん、吹っ切れた！,Wed Oct 09 21:26:27 JST 2019
chestnut0912,ヨルシカさんのライブ行きたい人生だった……,Wed Oct 09 21:26:23 JST 2019
k_kmg2,ヨルシカのyoutube動画めっちゃ伸びてんじゃん
いつか一般知名度も上がりそう,Wed Oct 09 21:25:56 JST 2019
Br3_kyokyo_ut,#Nowplaying エルマ - ヨルシカ (だから僕は音楽を辞めた),Wed Oct 09 21:25:55 JST 2019
neko__0706,ヨルシカさんのグッズほしすぎる:( ;´꒳`;)::( ;´꒳`;)::( ;´꒳`;)::( ;´꒳`;)::( ;´꒳`;)::( ;´꒳`;)::( ;´꒳`;)::( ;´꒳`;)::( ;´꒳`;):,Wed Oct 09 21:25:22 JST 2019
Reimei_cat,ヨルシカってナブナさんだったのな、あの人も米津と同じ元ボカロPか,Wed Oct 09 21:24:51 JST 2019
Halo__matane,ハァン
ヨルシカのツアーグッズ見て辛くなる,Wed Oct 09 21:24:50 JST 2019
fftgill,みんなからの匿名質問を募集中！

こんな質問に答えてるよ
● プランク1分余裕になってきた……
● アウフヘーベンが好きってことは…
● 職場から何気なく寄り道して帰っ…
● ヨルシカとかずっと真夜中でいい…
#質問箱 #匿名質問募集中

https://t.co/iSfVTTzY92,Wed Oct 09 21:24:49 JST 2019
Saki86655894,@105_tomonori いいよね！ヒッチコック！うちもヨルシカめっちゃ好きだからノリちが歌ってくれてめっちゃ嬉しい！,Wed Oct 09 21:24:38 JST 2019
Haruna_mga_78,ヨルシカのグッズかわいいなぁ…グッズ買いに行こかな〜,Wed Oct 09 21:24:15 JST 2019
mnjirietta,ヨルシカの、言葉にできない感情をどうにか言葉にしているところや、思い切った言葉を並べたかと思えばどこかしこに優しさが散りばめられてる救いようのなさが、私の胸をいっぱいにする,Wed Oct 09 21:23:39 JST 2019
ami_140707,まってむり！！！
ヨルシカのグッズめっちゃ欲しい…
ウァァァァァライブいきたいよぉぉぉぉ,Wed Oct 09 21:23:24 JST 2019
lonpu_,ヨルシカ物販だけでも行こうと思ったけど、予定入っとるやん😢,Wed Oct 09 21:23:22 JST 2019
Nxsg0M9ikM4xqt4,ヨルシカのツアーグッズオシャレすぎてほしい,Wed Oct 09 21:23:19 JST 2019
gunslinger0525,めっちゃおすすめされたからヨルシカ聴くね,Wed Oct 09 21:22:56 JST 2019
mokitayakedo,ヨルシカ/ノーチラス（cover）もきた。 https://t.co/gFqz3u3XZY,Wed Oct 09 21:22:38 JST 2019
darts_ked,最近はヨルシカです。 

 https://t.co/gBZln2VhRB,Wed Oct 09 21:22:34 JST 2019
fi_n_o,TK from 凛として時雨 『melt (with suis from ヨルシカ)』 https://t.co/T6BTkMlnkP @YouTubeさんから,Wed Oct 09 21:22:16 JST 2019
hI9osDVAHiOtybi,TK from 凛として時雨 『melt (with suis from ヨルシカ)』 https://t.co/5FxvAYTWJE @YouTubeより
マジでこれはいい,Wed Oct 09 21:22:04 JST 2019
yuuya_riku,ヨルシカのライブ、物販だけでも行きたいのに仕事！！！仕事！！！！！ｱｱ！！！！
21日昼頃、大阪で暇してる人おらんか…………,Wed Oct 09 21:21:50 JST 2019
Loveliver_1021,ヨルシカ行きたかった定期,Wed Oct 09 21:21:46 JST 2019
sinamon_koyo,@pomi_music ヨルシカのためなら近いよね☺️,Wed Oct 09 21:21:45 JST 2019
Boost_Hammer,本日のギタフリの成果はこんな感じでした
いちかちゃん解禁してきましたけれど紫Gちょうたのしいですね！！（紫Bの達成率74%から目を逸らしつつ）
BLACK JACKALさんは紫Gでお手軽エクセ～
ヨルシカさん紫Gとギタドラス紫Bもようやく接続
それとレミニセンス赤GのAnathema前半が見事に呪われました…… https://t.co/l0nrFARuZr,Wed Oct 09 21:21:39 JST 2019
mmmiicamera,繕って、繕って、
顔のない自分だけ

心に穴が空いた/ヨルシカ,Wed Oct 09 21:21:22 JST 2019
andros_rtw10,ヨルシカのライブ、学会行ってるので物販間に合わないから誰か代行してくれる神様いませんか、、、着いたらすぐ払うから、、、,Wed Oct 09 21:20:57 JST 2019
shuto216,ヨルシカのグッズほとんど買う、,Wed Oct 09 21:20:20 JST 2019
Sverige0830,そういえばぴぃヨルシカ関連のイラスト描いたことあったっけ,Wed Oct 09 21:20:11 JST 2019
Yuu_Tyan,ヨルシカさんのグッズ可愛すぎない。ライブは行けないけれど、グッズ欲しい…。,Wed Oct 09 21:20:02 JST 2019
ra_yu33,ヨルシカのライブいってみてえなあ,Wed Oct 09 21:19:55 JST 2019
m_cero_ar,13(日)

10:30-10:45 すぱいえあー
12:35-12:50 ガルデモ(ベース)
13:00-13:15 ボカロ
14:00-14:25 やばT
15:25-15:55 バックホーン

14(月)

10:30-10:50 けいおん(ギター)
11:00-11:15 ヨルシカ

からのずとまよライブ,Wed Oct 09 21:19:52 JST 2019
Yukiyukinai,ヨルシカ 周邊都好想收一波...😭😭😭,Wed Oct 09 21:19:49 JST 2019
nikuQ_YAN,【ヨルシカ】唐突に雨とカプチーノ歌ってみた【物述有栖】 https://t.co/TKUo3dju4X @YouTubeさんから,Wed Oct 09 21:19:48 JST 2019
Peatto__,@Pipitto__ @1 え
ヨルシカ歌って,Wed Oct 09 21:19:48 JST 2019
MaxCreacat,ヨルシカのエルマすこい,Wed Oct 09 21:19:09 JST 2019
kazufukkue,みんなからの匿名質問を募集中！

こんな質問に答えてるよ
● わかったか？自転車なんかとは比…
● 非常に疲れました…
● ヨルシカええぞお…
● ラーメンとはただ腹を満たすもの…
#質問箱 #匿名質問募集中

https://t.co/0m2SEWXF8V,Wed Oct 09 21:18:39 JST 2019
nnnaruse,ヨルシカさんのグッズ可愛すぎる通販祈願…(;-;),Wed Oct 09 21:18:38 JST 2019
er_mb8_,胸元にヨルシカのマークが小さく刺繍されてるトレーナー作ってほしかった。（）,Wed Oct 09 21:17:52 JST 2019
pomi_music,ヨルシカ、東京は譲沢山出てるのに名古屋は求ばっかり🥺,Wed Oct 09 21:17:52 JST 2019
Aizen_Lonly,ヨルシカの月光の物販いいなあ〜…
物販だけでも行かれんかな。行けるなら行きたいなぁ。ひっそりと出没して、サッと帰りたい。,Wed Oct 09 21:17:48 JST 2019
chari05chiri,昨日のラジオ、佐藤さん目当てで聴いてたらヨルシカよかったのでよかったらおすすめ教えてください☺️,Wed Oct 09 21:17:44 JST 2019
bkw_amster_am,ずっと、ドラム練習をするのに、ビジネスバッグに、バンドスコアとドラムスティックを入れていたから、今度からヨルシカのバッグに入れて持ち歩こう。,Wed Oct 09 21:17:41 JST 2019
harunatu_aki,ヨルシカ、backnumber、flumpool、MWAM 

 https://t.co/k3Q82TGy21,Wed Oct 09 21:17:28 JST 2019
ru_to_0330,ノーチラス / ヨルシカ
by わをん
#nanamusic https://t.co/u7g9UCNuk0
ももちゃからのツイート見て心臓止まりかけて、いぶちゃの聞いて心臓止まった
ありがとうございます…ほんと聞けるという幸せがすぎるよ…ありがとうございます(´；ω；｀),Wed Oct 09 21:17:25 JST 2019
mahiru82,ヨルシカ - ただ君に晴れ (MUSIC VIDEO) https://t.co/vpWDZIyfKu @YouTubeより
今日の一曲。
5000万回再生おめでとうございます。,Wed Oct 09 21:17:24 JST 2019
komenosuke1018,ヨルシカのTシャツほすぃ…,Wed Oct 09 21:16:35 JST 2019
k_fun1,ヨルシカのライブには行けないけどグッズは全部買うし羊さんのライブグッズもしっかり全部買います(宣言),Wed Oct 09 21:16:26 JST 2019
hikaru98_10,疲れすぎて練習する気力が底をついた…
ヨルシカ聴いてきます。,Wed Oct 09 21:15:55 JST 2019
Meyrin_08,無駄遣いしないようにと心に決めてたけど無駄そうだな笑
とりあえずコンプからのＴシャツとかは2枚だな(´・ω・)
#ヨルシカ,Wed Oct 09 21:15:38 JST 2019
bkw_amster_am,ヨルシカのバッグを買って、大切なヨルシカのバンドスコアを入れよう。,Wed Oct 09 21:15:33 JST 2019
3185ryo,ヨルシカのギターソロ難しすぎて挑戦する気にもなれん,Wed Oct 09 21:15:27 JST 2019
re_d1_aim4i,@BlueTofuchic ヨルシカ！,Wed Oct 09 21:14:57 JST 2019
kit94284095,教祖爆誕とbirthで2回Zepp行くからヨルシカの物販行ったら1週間に3回Zepp行くことなる。,Wed Oct 09 21:14:43 JST 2019
hakutoou,ヨルシカのライブグッズの通販マジで助かる…ありがとう…,Wed Oct 09 21:14:23 JST 2019
braaaaaaaack,ヨルシカのライブに行きたかった人生でした…( ･ᴗ･̥̥̥  )

享年22さい😇,Wed Oct 09 21:13:56 JST 2019
knskmnst,ヨルシカ好きなら作曲者のナブナさんのボカロ曲「セロ弾き群青」を聴いて欲しいね,Wed Oct 09 21:13:15 JST 2019
souma_R0022,みんなからの匿名質問を募集中！

こんな質問に答えてるよ
● 水瀬さんのスープ聞きたいです。…
● 訂正〜ヨルシカ、美波、もう一人…
● PRINCESS PRINCE…
● リクエスト曲で脳漿炸裂ガール…
#質問箱 #匿名質問募集中

https://t.co/qFys29NWWG,Wed Oct 09 21:12:15 JST 2019
uec_miffy,ヨルシカ流しながらゲームするの一番楽しい,Wed Oct 09 21:12:14 JST 2019
er_mb8_,@PM_higure からのバンド名｢ヨルシカ｣､､､くぅぅぅ

そして今誤字に気づいた、短針がエイミー（笑）,Wed Oct 09 21:11:56 JST 2019
mainichikitaku,ヨルシカのグッズ今すぐ欲しすぎてソワソワしている,Wed Oct 09 21:11:50 JST 2019
negi_sanctuary,ヨルシカのライブ、仮にチケ取れてても実習で行けなかったのか。うーんこの,Wed Oct 09 21:11:44 JST 2019
shamorock123,誰かヨルシカの東名阪行く人いませんか、、、
グッズ代行して欲しいのですが、、、,Wed Oct 09 21:11:33 JST 2019
denpa0115,@sugi_0911 ヨルシカとずっと真夜中でいいのに。めちゃくちゃおすすめです
落ち着きます,Wed Oct 09 21:11:18 JST 2019
yuu_nanairo,ヨルシカ物販見てたら余計行きたくなってきた…物販代行でも連番でもなんでもいいから行きたい…#よるしか,Wed Oct 09 21:11:17 JST 2019
kuriikusooda,ヨルシカさんのマルシェバッグ可愛くないすか？,Wed Oct 09 21:11:01 JST 2019
hayamakeisho,とりあえずヨルシカのグッズに1万溶けることが確定した,Wed Oct 09 21:10:37 JST 2019
ENEKO258963,ヨルシカさんのライブグッズめっちゃいい〜〜〜〜〜〜すき〜〜〜〜〜〜〜〜🤗,Wed Oct 09 21:10:03 JST 2019
sgshio_blade,ヨルシカのライブ行きたい、、行きたいよ
グッズみてさらに湧き上がる感情😭,Wed Oct 09 21:09:21 JST 2019
Gyuki_YOA22,@maruru__gepp ヨルシカさん聞こ,Wed Oct 09 21:08:57 JST 2019
obanyan1994,ヨルシカのグッツ欲しいけど買いに行けん…,Wed Oct 09 21:08:34 JST 2019
WingerUltra,誰かヨルシカのグッズだけ買いにライブ会場まで一緒にいかん？？もしくはついてきて,Wed Oct 09 21:07:54 JST 2019
RNNhIJoymCSPvvP,親が「ヨルシカの音楽が、好きなんだろ？
グッツとか買わんでええやん、勿体無い」とか言ってきたんだけど、そうじゃねんだよ！！ヨルシカ全部が好きなんだよ！！！なんにせよ、自分で稼いだお金で買うから文句は言わせねーぞ！！🤘😎,Wed Oct 09 21:07:36 JST 2019
yune___star,いつかヨルシカのライブ行きたいな、、ずとまよとかもいってみたい

行きたいライブが沢山だし聞きたい音楽が沢山ありすぎるから音楽専用の携帯が欲しい(),Wed Oct 09 21:07:32 JST 2019
Zn_L4,ヨルシカのライブ待ち遠しい,Wed Oct 09 21:07:28 JST 2019
chacayr18,ライブぼっち参戦やけん 1人でグッズ並ばなあかんお手洗い行けんって思ってたけど 友達が一緒に並んでくれるって友達ヨルシカ興味ないけど😌 やさこ、、,Wed Oct 09 21:06:21 JST 2019
kal_freely,ヨルシカのロゴって18時から夜だからって意味であれのマークなんやろ？,Wed Oct 09 21:06:06 JST 2019
blackhood0528,@syokoran3148 ヨルシカならなんでもいい？,Wed Oct 09 21:05:58 JST 2019
lemon_melonpan,@iro_yoru_ そうだね、周りにヨルシカ好きがいないから辛い😢,Wed Oct 09 21:05:30 JST 2019
CloserS2_,쫓아가지 못한 채로 어른이 되어서
네 주머니에 밤이 피어나
입 밖으로 내지 못하더라도 우리는 하나야
그걸로 됐잖아, 이제는
너의 추억을 곱씹고 있을, 뿐

/ 그저 네게 맑아라(ただ君に晴れ), ヨルシカ,Wed Oct 09 21:05:24 JST 2019
vcgI2jqxpN9edjz,ヨルシカのグッズ可愛いなぁ。,Wed Oct 09 21:05:00 JST 2019
ttaa_nn,@n_y_6 言ってましたね☺️
ヨルシカ的には18:00から夜ってことで夜ともかかってるそうです！,Wed Oct 09 21:04:27 JST 2019
pao_roselia,⑦最近はヨルシカに激ハマり,Wed Oct 09 21:04:27 JST 2019
y141works,TK from 凛として時雨 『melt (with suis from ヨルシカ)』 https://t.co/D0Fvchb5HY ここ数年のTKワークスでも突出して良いな、ローファイに拘ったトラックだ,Wed Oct 09 21:04:14 JST 2019
2rara_xx,ヨルシカのライブグッズ可愛い欲しい,Wed Oct 09 21:04:08 JST 2019
em_IFM,ヨルシカさんの、ノーチラス、聴きながら見てみてください。,Wed Oct 09 21:03:56 JST 2019
CzYui,ヨルシカは曲調からして神,Wed Oct 09 21:03:06 JST 2019
starknight2359,えええ、ヨルシカのグッズめちゃかわじゃん！！！,Wed Oct 09 21:02:57 JST 2019
a_reklsga,まってヨルシカのロンTかわいすぎるんだが通販は？？,Wed Oct 09 21:02:54 JST 2019
saho_manga,ヨルシカのライブグッズ可愛い〜😭💗
ラバスト欲しい〜,Wed Oct 09 21:02:42 JST 2019
watanabacon0,みんなからの匿名質問を募集中！

こんな質問に答えてるよ
● 入学まで何べんきょうするんすか…
● へいよーかるでらっくす…
● 早く何人かで集まって地獄のサイ…
● ヨルシカが好きな者です。メンフ…
#質問箱 #匿名質問募集中

https://t.co/cltyDGURrw,Wed Oct 09 21:02:31 JST 2019
akami_ssd,爆弾魔／ヨルシカ(miso) / #京都 初見さん捕まえたいです https://t.co/BZoZwUo64v | 53:25経過,Wed Oct 09 21:02:27 JST 2019
minoriyume_0127,【Minecraft】音ブロックで「だから僕は音楽を辞めた- ヨルシカ」 https://t.co/Qvo3yGgU3I @YouTubeより

やっっっっっっっっっっっば,Wed Oct 09 21:02:22 JST 2019
yuki_mi_nico,だから僕は音楽を辞めた/ヨルシカ / ヒトカラ30分 https://t.co/7ilUvWMNFL,Wed Oct 09 21:02:15 JST 2019
yochan_RAD31,@GROWimps1414 ヨルシカって名前は聞いたことある,Wed Oct 09 21:02:04 JST 2019
sakiika0720,10/21だったらヨルシカLIVEいけたじゃん、後悔,Wed Oct 09 21:01:52 JST 2019
mahumaroooo,ヨルシカのグッズばか可愛い
これは買いに行くべき？w,Wed Oct 09 21:01:49 JST 2019
kn_moon96,ヨルシカ諦めてないのでリセール申し込んでるけどまじでほんと頼むよ…って神頼みしてるけど、私チケット関係はほぼ全部お願いします〜〜(´；ω；｀)って神頼みしてるから欲張りすぎて、神さまに呆れられてると思う(  ˆωˆ  ),Wed Oct 09 21:01:33 JST 2019
s_pass300,ヨルシカのグッズ全部かわいいな,Wed Oct 09 20:59:20 JST 2019
acyumaru,ヨルシカのライブ羨ましいなぁ…
めっとちゃ行きたい,Wed Oct 09 20:59:03 JST 2019
aaanemui3,ヨルシカのグッズほしすぎるな〜,Wed Oct 09 20:58:48 JST 2019
skmzsmkzkn,ヨルシカのグッズ、言ってとヒッチコックのラバストだけ異様に欲しい,Wed Oct 09 20:58:35 JST 2019
w_k_n_818,@HXgSswrJlxmEWFl あたしにヨルシカ好きの彼氏をください…
FF外から初リプ失礼します💦,Wed Oct 09 20:58:18 JST 2019
_______0__0___,待って。
ヨルシカのロゴってこれだから毎回18:00にアップしてたの？ https://t.co/PGdotuaTQO,Wed Oct 09 20:57:33 JST 2019
monakanokawaaa,ヨルシカのロンＴ素晴らしくかんわいい.........行きたかった...........................（ ; ; ）（ ; ; ）,Wed Oct 09 20:57:19 JST 2019
leon49867436,ヨルシカ、いいなぁ🎶
ノーチラスのMV、泣ける💧,Wed Oct 09 20:57:01 JST 2019
Iscream_2624,誰かヨルシカのグッズ代行してくれ…。,Wed Oct 09 20:56:55 JST 2019
Wor_ld12,3.ただ君に晴れ
ヨルシカの曲。
実は初めて聞いたのは出水さやか氏のカラオケキャス。
初めて聞いてとても好きになり最近ずっと聴き込んでおります。
ヨルシカ素晴らしいね。,Wed Oct 09 20:56:38 JST 2019
1225_30uvC,TK from凛として時雨とヨルシカのコラボはえぐいてぇえええ,Wed Oct 09 20:56:20 JST 2019
nankotu1028,ヨルシカのグッズ良すぎる、、,Wed Oct 09 20:55:43 JST 2019
orange02102,なあ今気付いたんやけど彼女はそんなにヨルシカとか知らんからペアルックできひんやんんんんんんんんん！！！,Wed Oct 09 20:55:20 JST 2019
jugbox_zoz,ヨルシカのライブグッズだけでも絶対に買う…,Wed Oct 09 20:55:16 JST 2019
sou_0523,平日3日分でお釣りが来るならよろこんでヨルシカに投げれる,Wed Oct 09 20:55:01 JST 2019
1004_mamu,ほちい…ヨルシカ……,Wed Oct 09 20:54:49 JST 2019
siretokohantou,ヨルシカ - だから僕は音楽を辞めた (Music Video) https://t.co/PGF65487Sj @YouTubeさんから,Wed Oct 09 20:54:39 JST 2019
KUUHAKU_tukanan,@maruyama1291 言って。とだから僕は音楽をやめたは聞いた事ある！
ヨルシカ全部神曲やぁ_(:3｣∠)_,Wed Oct 09 20:54:38 JST 2019
Grape_beee,ヨルシカのアルバムで一番好きなのやっぱ負け犬にアンコールはいらないだ,Wed Oct 09 20:54:29 JST 2019
saaaaaaaaya1113,ヨルシカのラバーキーホルダーどちゃ可愛い…,Wed Oct 09 20:54:13 JST 2019
tsu__ka__saaa,いやヨルシカの物販Tシャツとラババンとキーホルダー欲しい。。大阪も東京も名古屋も行けれん。。。
誰か代行してくれんかな。。 https://t.co/zbQVhXNhcY,Wed Oct 09 20:53:56 JST 2019
sugar_apple__,あらざしさんはヨルシカさんの「雨とカプチーノ」かなって！切なくて泣きそうになってしまう……でもこっそりかっこよさが隠れてて、気づいた虜になってしまう,Wed Oct 09 20:53:53 JST 2019
sou_0523,ヨルシカのライブ最後まで落ち続けて行けなかったけどグッズで2万近く飛ばす覚悟は発表された瞬間決まった。
TシャツとロンTよすぎる,Wed Oct 09 20:53:32 JST 2019
kikikiou0629344,ヨルシカのグッズ買うに決まってるやん。,Wed Oct 09 20:53:31 JST 2019
ship310,ヨルシカのCD全部揃えるか、、、
まだ他のアーティストも揃えられてないのに、、、,Wed Oct 09 20:53:14 JST 2019
colorful_ciel92,ヨルシカのグッズ可愛すぎて金がなくなる予感しかないわ,Wed Oct 09 20:53:11 JST 2019
hUwcMqWOPTIDBsu,投稿遅れてごめんね😣🙏💦

ただ君に晴れ coverさじたん

MIXざむやむ

いい感じにできた気がする！笑

フル
https://t.co/ACm6vGLMWU

#ヨルシカ #ただ君に晴れ #いいね #歌い手 https://t.co/ahQ4rs97Yb,Wed Oct 09 20:52:46 JST 2019
Grape_beee,ヨルシカ - 雲と幽霊 (MUSIC VIDEO) https://t.co/NkNoQQHP1c @YouTubeさんから,Wed Oct 09 20:52:44 JST 2019
karinto_0427,ヨルシカのグッズでパーカーとか出てないかな…,Wed Oct 09 20:52:30 JST 2019
kanaQioy,ヨルシカさんのグッズ可愛すぎ全部欲しい🥺💙,Wed Oct 09 20:52:16 JST 2019
mohu_0110,ヨルシカのグッズめたんこ欲しいいあああああああああ,Wed Oct 09 20:52:01 JST 2019
aska2939,ただ君に晴れ♪たたん♪
ヨルシカすごくいい(●︎´▽︎`●︎),Wed Oct 09 20:51:18 JST 2019
_nanoputian,まてまてまて、キタニタツヤさん東大卒なんか。ほんでもってヨルシカのベース担当なんか。ヤバすぎんか。,Wed Oct 09 20:51:02 JST 2019
star_master_824,お兄ちゃんが「やって」って言うからヨルシカ？って言ったらめっちゃウケた。,Wed Oct 09 20:51:01 JST 2019
JzmnORxfrro4A02,ヨルシカ   グッズ全部買いたい…,Wed Oct 09 20:50:56 JST 2019
inuikamina,だれかヨルシカのグッズ代行行ってくれる人はおらんか…おらんか…,Wed Oct 09 20:50:35 JST 2019
3710ryota_129,ヨルシカのライブグッズ可愛過ぎて発狂した,Wed Oct 09 20:50:16 JST 2019
ooo_xxx_oxo,ヨルシカのロンＴめっちゃ可愛いじゃん,Wed Oct 09 20:50:01 JST 2019
alumina_sound,ヨルシカ、今回のアルバム最後に引退しますとかでもそんな驚かないから怖いんだよね
グッズ買っときたいな,Wed Oct 09 20:49:51 JST 2019
Anger21203526,ヨルシカぐらい優しい公式を知らない,Wed Oct 09 20:49:39 JST 2019
roof_nrb,ヨルシカのグッズ全部欲しすぎて泣ける,Wed Oct 09 20:49:21 JST 2019
chaka0702,ヨルシカさんのライブ行きたかったな…,Wed Oct 09 20:49:21 JST 2019
lOpEaGlBi,ヨルシカすこ,Wed Oct 09 20:49:18 JST 2019
rng1263,ヨルシカの言ってラバーキーホルダーかわいい,Wed Oct 09 20:49:10 JST 2019
utaite_rock,ヨルシカのグッズおしゃんすぎる,Wed Oct 09 20:49:04 JST 2019
orrepic_s,そのうちUTAUで作曲の練習したいなーって思ってニコニコでUTAU名曲集みたいなの聴いてて「この曲めっちゃヨルシカっぽいなー」って思ってたら最後に 音楽:ナブナ って出て来て？！？！？！？？！！！ってなった。,Wed Oct 09 20:49:03 JST 2019
tona_HIKARI,①将来もっと欲しいヨルシカのグッズが出るかもしれないと思って今回を諦め、次回に備える(控えめに言って辛すぎる)

②久しぶりに遊ぶ友だちとの約束を断り、物販に行く(お金が足りる保証は無いし、そもそもSOLD OUTしている可能性もある),Wed Oct 09 20:48:25 JST 2019
Nyame_Nyane,@iCYmd2so DAPUMP、ミスターグリーンアップル、Eve、ONE☆DRAFT、ずっと真夜中でいいのに、ヨルシカ、九州男、Official髭男dism、The Cheseraseraとかきいてみて
だいたい僕の好きなジャンルだけど,Wed Oct 09 20:48:21 JST 2019
12345rex1,みんなからの匿名質問を募集中！

こんな質問に答えてるよ
● そこに愛はあるんか？…
● 好きなヨルシカの曲は？？…
● 左目が痛いです。なんか黒いオー…
● 人間！…
#質問箱 #匿名質問募集中

https://t.co/94LX0ZyBad,Wed Oct 09 20:48:13 JST 2019
Oosino_ayfyoO,ヨルシカにわかだからチケ申し込まなかったけどグッツ見てたらいきてー！！！ってなってるむり,Wed Oct 09 20:47:58 JST 2019
airin_2805,みんなからの匿名質問を募集中！

こんな質問に答えてるよ
● パンケーキ食べたいけど、滋賀無…
● ヨルシカとかずっと真夜中でいい…
● 結局彼氏は。。。？！？…
● あいりーん今度あそぼうよう…
#質問箱 #匿名質問募集中

https://t.co/5GFe8hKXq4,Wed Oct 09 20:47:38 JST 2019
mmtm31966264,ヨルシカのグッズほしいいいいいい！！！！！,Wed Oct 09 20:47:02 JST 2019
anchankoro,#雨とカプチーノ #ヨルシカ #コラボ大歓迎 #コラボ歓迎 #コラボ募集 #コラボ用 #フォロー大歓迎 

雨とカプチーノ / ヨルシカ
#nanamusic
https://t.co/QttLTOhl0K,Wed Oct 09 20:46:44 JST 2019
NogiYubi_7,@urara_0409 れったんへ
お陰様でiPodがこんな有様になってきました

もっとください
ヨルシカも3パシもスーパーいいんですけど https://t.co/yJ16nj37Hl,Wed Oct 09 20:46:39 JST 2019
ay__1226,イメソン厨だからスピの『春の歌』とかヨルシカの『負け犬にアンコールはいらない』聴いたらあっ渡部孝一……😫ってなる,Wed Oct 09 20:46:20 JST 2019
soota_nana,え～～～～～～～～～ちょっとヨルシカのグッズの可愛さを語りたい嬉しさを語りたい～～～～～～～～～～～～,Wed Oct 09 20:44:18 JST 2019
Rio01828073,うわっ…ヨルシカさんのLIVEグッズ欲しすぎ…
物販して欲しい(´；ω；｀),Wed Oct 09 20:44:13 JST 2019
bokarohaizin_,女性ボーカル×(元)ボカロPって

ヨルシカ(なぶな)
三パジ(kemu)
ツユ(ぷす)
ずとまよ(ぬゆり)
花譜(カンザキイオリ)
ナナヲアカリ(ナユタン星人)

辺りで全部かな。(括弧内はあくまで主要な方),Wed Oct 09 20:44:01 JST 2019
ochamarumaru_,ヨルシカさんのマフラータオルめっちゃ欲しい………,Wed Oct 09 20:43:48 JST 2019
mmsgds,ヨルシカのグッズ欲しいなあ、買おうかなあ
彼はもう居ないけど,Wed Oct 09 20:43:36 JST 2019
azuk0,まじ身近にヨルシカ気になるな〜って人いたらアルバムとYouTube片手に「まずはこれからだ」ってとなりに座る,Wed Oct 09 20:43:20 JST 2019
mwam_gr,初めて自分で携帯ケース作った〜〜◎
ヨルシカまみれになったわ〜楽しみじゃわ😘,Wed Oct 09 20:41:41 JST 2019
Yone_Aira,ヨルシカのグッズかわいいんですけど……,Wed Oct 09 20:41:36 JST 2019
oursounds,『gtとcho、できます。フッ軽です。(大阪府) 』ヨルシカ、髭男、BUMP、04、サイダーガールが好きです。
バンド組めたらなんの曲でもいいです。
https://t.co/dg94cRlWtj
 #バンド加入希望,Wed Oct 09 20:41:34 JST 2019
_s_bass,@sayanen 嬉しにますた、、、、さやねさんの歌声ヨルシカ絶対あう,Wed Oct 09 20:41:15 JST 2019
w_k_n_818,［月光］グッズ最高すぎない？？
全部買っちゃいたい←金欠🙃
好きな人とヨルシカTシャツ、リストバンドお揃いできたらどんくらい幸せなんだろう🤔🤔🤔
誰かあたしとお揃いTシャツ着てくれませんか？((殴,Wed Oct 09 20:41:15 JST 2019
sayurinoikoukai,うわー
ヨルシカの物販バリバリ並ぶ気でいたけど
バリバリ授業や,Wed Oct 09 20:40:36 JST 2019
__pppo__,てか推しくんがヨルシカ聞いてるのも きのこ帝国聞いてるのも胸熱すぎない？ きのこ帝国に関してはひるねちゃんがすきだと思うとむねあつあつ,Wed Oct 09 20:39:56 JST 2019
ITF_nanana,ヨルシカのロンTかわいい,Wed Oct 09 20:39:41 JST 2019
Oran_shima_love,ヨルシカのロンTほしいなぁ,Wed Oct 09 20:39:26 JST 2019
ITF_nanana,ヨルシカ…,Wed Oct 09 20:38:53 JST 2019
BiVVtbMCnwoakFg,ヨルシカのバックいいな,Wed Oct 09 20:38:28 JST 2019
camembert328,ヨルシカさんがナブナさんだったのを朝知った,Wed Oct 09 20:38:23 JST 2019
hotaru_po,@Cocoapot_0237 
こんな私の絵を褒めてくれるとっても優しいお方☺️
ずとまよとかヨルシカが好きみたい
花譜も好きかもしれない…🤔,Wed Oct 09 20:38:06 JST 2019
PM_higure,心斎橋のどこかにMOONのストラト置いてる楽器屋があったはずだし、ヨルシカ物販ついでに弾いてこようかな～～～でも弾いちゃったら絶対買っちゃうしな～～～って迷ってるからコレは確実に買い,Wed Oct 09 20:38:02 JST 2019
nitohana,@denpa0115 ヨルシカとずとまよヘビロテなんだけど。君がいて水になる聴きたい,Wed Oct 09 20:36:59 JST 2019
karin_Soccer__,ヨルシカのキーホルダーが欲しすぎる,Wed Oct 09 20:36:45 JST 2019
n_penpen2,ヨルシカ物販とりあえず全種類で、ノートとバッグと言って&ヒッチコックのキーホルダーは２つほしいな…,Wed Oct 09 20:36:38 JST 2019
b_yuut34,私にヨルシカ好きな彼女をください,Wed Oct 09 20:36:30 JST 2019
kappaebiten0410,ニコ生のBGMでヨルシカのCD流したいけどだめなんやろか,Wed Oct 09 20:36:16 JST 2019
latmlas,【ヨルシカ】唐突に雨とカプチーノ歌ってみた【物述有栖】 https://t.co/kpG8SvNCOl @YouTubeより
22時からこのロリが歌います,Wed Oct 09 20:36:05 JST 2019
nametststs,よっしゃぁー！届いたぁ！
どっちもめちゃくちゃ楽しみやけど今日は聴けるか分からんなぁ。
ヨルシカの銀色の方のCDが何なんか分からん。(多分Amazonの特典とかやと思うけど。)
手帳の方も早く読みたい(*^^*)
髭男のやつも早く聴きたい…！
LIVE映像も早く観たい(*>ω<*)b https://t.co/HLthlm4nCK,Wed Oct 09 20:36:03 JST 2019
yami49778706,誰かヨルシカのライブ当たった人でグッズの代行してくださいぃ…( ;ᯅ; )
・Amy×Elmaノートセット
・月光マルシェバック
なにとぞぉヾ(⌒(_×ω×)_

#ヨルシカ #グッズ代行 #月光 #LIVE #ナブナ #suis,Wed Oct 09 20:35:35 JST 2019
34km_Strait,20xxは聴けなかったけど、神僕くんも聴き放題なの…ずとまよちゃんも、ヨルシカちゃんも聴き放題なの…アマプラ愛してるよ…,Wed Oct 09 20:34:53 JST 2019
nekomata_tokyo,#Nowplaying 神様のダンス - ヨルシカ (エルマ),Wed Oct 09 20:34:51 JST 2019
Morita_kizuna,@mayonaka_00 いつ俺がヨルシカをバカにしたよ,Wed Oct 09 20:34:34 JST 2019
oUef3eF4jileavx,ヨルシカ、ずとまよとか好きそうって言われたんやがｗｗｗｗｗｗｗｗｗｗｗｗ https://t.co/cBZECmcaDB,Wed Oct 09 20:34:26 JST 2019
mokumoku_san_,アコギ10日目 / #ヨルシカ 10 https://t.co/LRc2ruHniY,Wed Oct 09 20:32:41 JST 2019
deaiuchi768,ヨルシカのグッズ欲しいけど授業あって物販にすらいけないのつらいので誰か買ってきてください（冗談だけど切実）,Wed Oct 09 20:32:11 JST 2019
next68648459,恋愛の味知らなくても自分の曲だって思えた、ヨルシカすごい
再来年はあんな恋がしたい,Wed Oct 09 20:32:00 JST 2019
252koco,生きてるうちにヨルシカによるn-bunaボカロ曲カバー聞きたい,Wed Oct 09 20:31:43 JST 2019
AFv3PamtFGElrKY,あーあヨルシカのライブ行きたかったな…,Wed Oct 09 20:31:37 JST 2019
arashifan0531,@105_tomonori ヨルシカさんの曲もっと歌って欲しい〜🥰,Wed Oct 09 20:31:28 JST 2019
aisXwL9vruwusB8,@caruneria ヨルシカなら
｢夕凪、某、花惑い｣
ですかね、YouTubeには弾き語りしかのってないですが、個人的にはだっちさんのやつが好きです,Wed Oct 09 20:31:21 JST 2019
sorachyu,ヨルシカのグッズよすぎる,Wed Oct 09 20:31:09 JST 2019
yanmasan12,ヨルシカのライブ行きたかったなぁ,Wed Oct 09 20:30:58 JST 2019
hagityan0103,ﾖﾙｼｶ ｸﾞｯｽﾞ ﾎｼｲ,Wed Oct 09 20:30:56 JST 2019
mayonaka_00,@Morita_kizuna タイタツ引退は引退じゃないよ
ヨルシカをバカにするな！
キズナアイをバカにするぞ！,Wed Oct 09 20:30:50 JST 2019
keeeigo78708434,TK from 凛として時雨 『melt (with suis from ヨルシカ)』 https://t.co/eVddlxkVdz @YouTubeより

suisさんとTKのコラボは神!!,Wed Oct 09 20:30:34 JST 2019
kashiaki1021,ヨルシカのライブ、誕生日なんだけどいきたいな。。。,Wed Oct 09 20:30:10 JST 2019
GITADORA_Phrase,ただ君に晴れ

Artist:ヨルシカ
BPM:140
Version:GITADORA NEX＋AGE

① Phrase A
② Intro
③ Phrase A
④ Special
⑤ Phrase B
⑥ Special
⑦ Outro

 https://t.co/erIdKg7pNs https://t.co/PO3zTFXFb7,Wed Oct 09 20:30:05 JST 2019
zXq8TRrnba0iaMO,@tE0kvK9ak0uX1Fa ヨルシカはマジ神だと思うw,Wed Oct 09 20:29:59 JST 2019
JOJO58891018,ヨルシカとmiwaを勘違いされた、許せん,Wed Oct 09 20:29:51 JST 2019
ruriruri_negi,最近毎回ヨルシカ歌うようになったけど、最初からあんまり点数伸びない
下手くそか,Wed Oct 09 20:29:49 JST 2019
ougustor,ヨルシカの物販さいこうだな？
でも通販するならいいかなー、でもTシャツ着てライブみたい…,Wed Oct 09 20:29:29 JST 2019
jun55_haro,ヨルシカのライブいきてえ,Wed Oct 09 20:29:21 JST 2019
mau_posono,ギタドラにもヨルシカ曲入ったんだ,Wed Oct 09 20:29:07 JST 2019
ki_chi1324,ヨルシカのライブグッズ、suisさんデザインのロンTかわいい,Wed Oct 09 20:27:24 JST 2019
s_gtkr,ヨルシカの宣伝エグすぎてライブ行けないの辛すぎ,Wed Oct 09 20:26:39 JST 2019
38gktnew,ヨルシカのピアノのインスト曲 もれなく良き。。こういう雰囲気だいすき。,Wed Oct 09 20:26:34 JST 2019
reosuffocation,この歌の歌詞は　380字
　　ロックンロールを書いた

　　#夕凪、某、花惑い
　　　　　　　　#ヨルシカ https://t.co/kHcUZwmcFm,Wed Oct 09 20:26:31 JST 2019
hotaru_po,@imok_np 絡みましょう〜！タメでいいですよ😊
ヨルシカもずとまよもめっちゃ良いですよね！！,Wed Oct 09 20:26:29 JST 2019
Furano_oimosan,ヨルシカ休みじゃないからグッズだけ買いに行くのもキツいんだよなぁ
通販してくんねえかな,Wed Oct 09 20:26:21 JST 2019
Unimix2325,ヨルシカのグッズかわいいぃぃぃ
ライブ行きたいなぁ😭,Wed Oct 09 20:25:33 JST 2019
YaseroDebu33,ライブ記念でヨルシカのLINEスタンプ出ないかな
スタンプなら売り切れもないだろうし,Wed Oct 09 20:25:23 JST 2019
Where_was_she,@NoKadai_NoPain あいつヨルシカ好きだし、午後登校なら行けるかなって……,Wed Oct 09 20:24:44 JST 2019
nn__1123,ヨルシカのツアーグッズほすぃ
はぁーーーん,Wed Oct 09 20:24:43 JST 2019
msms_whip,ヨルシカが良いわよ～～～～～～
ヨルシカに癒される夜☽･:*,Wed Oct 09 20:24:40 JST 2019
osakana_pota,誰か北海道勢でヨルシカ行く人いませんか？,Wed Oct 09 20:24:15 JST 2019
mYAFVyYVrWVILyF,やはりヨルシカ。,Wed Oct 09 20:23:18 JST 2019
keeeeejg,@nbuna_staff どうしてヨルシカはそんな最高なんだぁああ！！suisさんセンス良すぎだぁああ！！,Wed Oct 09 20:22:48 JST 2019
marogurahana,ギタドラでプレーしてきたこの曲、さすがランキング1位だけあって、良い曲♪

ヨルシカ - ただ君に晴れ (MUSIC VIDEO) https://t.co/m0F1HZnS7a @YouTubeさんから,Wed Oct 09 20:22:41 JST 2019
Where_was_she,@NoKadai_NoPain あれ、ずとまよ派でしたっけ？
ヨルシカ好きじゃなかった？,Wed Oct 09 20:22:37 JST 2019
sushineko0,ヨルシカのロンTとラババンかわい,Wed Oct 09 20:21:43 JST 2019
skytandayo,あのヨルシカのグッズまじパネェので買います
買ってください,Wed Oct 09 20:21:29 JST 2019
A2tEh,pokekaraで昨日ヨルシカさんの「だから僕は音楽をやめた」を歌ってくださいと試しにリクエストしてみたらバーって来て歌唱力半端ない人ら普通にいることにビビってるよ。自分。でそこで悟った。(あ、これ自分音楽をやめたガチで歌わなきゃ駄目だ)と。,Wed Oct 09 20:21:27 JST 2019
mizinko_music77,ヨルシカのグッズ欲しすぎるのに東京公演行けない可能性高いから夜行バスで名古屋まで行こうかな、、、グッズのためだけに、、、,Wed Oct 09 20:21:24 JST 2019
pupupu_k03,ヨルシカのグッズ 言って。の子のキーホルダーとタオル欲しい
通販あるんかな,Wed Oct 09 20:20:37 JST 2019
GORORI_SS90,@HXgSswrJlxmEWFl 神様にヨルシカ好きな彼女ができますように
自分にできることは1RT,Wed Oct 09 20:20:32 JST 2019
twukiyuka,ヨルシカ……ライブ行きたかったよ……2018年の生きる意味だったんだ……,Wed Oct 09 20:19:47 JST 2019
lemon_melonpan,ヨルシカ好きのイケメン彼氏ほしぃィィィィィィィィィィィィィィィィィィィィィィィィィィィィィィ,Wed Oct 09 20:19:46 JST 2019
hataro2525,さいご / ずとまよヨルシカ髭男 https://t.co/eynJXFDjHU,Wed Oct 09 20:19:43 JST 2019
polka_ar,ことごとく落選してしまったヨルシカのリセール抽選に応募した、、今度こそ当たって欲しいですお願いします（ ｉ _ ｉ ）,Wed Oct 09 20:19:32 JST 2019
Lilac_373,ヨルシカって口調的なのは優しい感じに歌えるのに歌詞がめっちゃ強気なの好きだわ,Wed Oct 09 20:19:11 JST 2019
oursounds,『ピアノ(キーボード)のできるかた募集！(石川県) 』最近結成したバンドで
ヨルシカやずっと真夜中でいいのに。等の曲をするため

ピアノ(キーボード)をできるかたを募集したいと思います！

メンバ
https://t.co/tVZOhA87Mb
 #バンドメンバー募集,Wed Oct 09 20:18:57 JST 2019
Akatuki_nh,ヨルシカまじでライブ行きたい本当に、！！！！！！！！グッズ！！！！まじで！！！！あああ！！！！！！！！,Wed Oct 09 20:18:52 JST 2019
rioppai,フレデリックのVISION入ってるの知ってたらもっと早くやりに来てた…ｸｯ…
ヨルシカも好き…
2ヶ月ぶりのギターなので慣らしながらやるべ https://t.co/kjP9sCPqLF,Wed Oct 09 20:18:45 JST 2019
_s_bass,@sayanen あっ、ヨルシカ、、、、ヨルシカベースクソムズのイメージなんですが、さやねさんの後ろで弾きたいから練習します！！！！わたしでよければお願いします(本気)(ガチ),Wed Oct 09 20:18:43 JST 2019
